date, price
2000/1/4,58.596802
2000/1/5,58.596802
2000/1/6,58.596802
2000/1/7,54.714401
2000/1/10,54.410999
2000/1/11,53.514999
2000/1/12,56.506302
2000/1/13,52.619099
2000/1/14,54.112301
2000/1/15,58.298199
2000/1/17,57.1036
2000/1/18,56.2076
2000/1/19,57.9995
2000/1/20,61.8867
2000/1/21,62.185299
2000/1/24,60.990799
2000/1/25,61.8867
2000/1/26,58.298199
2000/1/27,55.311699
2000/1/28,55.311699
2000/1/29,55.0131
2000/1/31,55.0131
2000/2/1,55.0131
2000/2/9,55.0131
2000/2/10,55.0131
2000/2/11,55.0131
2000/2/14,55.909
2000/2/15,56.804901
2000/2/16,59.198898
2000/2/17,57.1036
2000/2/18,57.700901
2000/2/19,58.298199
2000/2/21,59.7962
2000/2/22,58.8955
2000/2/23,55.311699
2000/2/24,56.804901
2000/2/25,56.506302
2000/2/29,58.298199
2000/3/1,59.7962
2000/3/2,59.7962
2000/3/3,57.9995
2000/3/4,57.402199
2000/3/6,56.506302
2000/3/7,56.506302
2000/3/8,54.112301
2000/3/9,56.2076
2000/3/10,56.804901
2000/3/13,60.692101
2000/3/14,61.289398
2000/3/15,57.1036
2000/3/16,55.610401
2000/3/17,52.917801
2000/3/20,55.909
2000/3/21,55.0131
2000/3/22,53.2164
2000/3/23,56.804901
2000/3/24,56.804901
2000/3/27,60.692101
2000/3/28,64.877998
2000/3/29,69.362396
2000/3/30,68.765099
2000/3/31,69.362396
2000/4/1,69.661102
2000/4/5,65.773903
2000/4/6,65.773903
2000/4/7,65.773903
2000/4/8,62.7826
2000/4/10,62.7826
2000/4/11,61.8867
2000/4/12,66.371201
2000/4/13,64.280701
2000/4/14,62.7826
2000/4/15,58.596802
2000/4/17,58.298199
2000/4/18,52.320499
2000/4/19,54.410999
2000/4/20,52.021801
2000/4/21,53.2164
2000/4/24,55.0131
2000/4/25,51.4245
2000/4/26,50.528599
2000/4/27,49.030602
2000/4/28,48.731899
2000/4/29,50.225101
2000/5/2,50.225101
2000/5/3,49.627899
2000/5/4,47.5373
2000/5/5,46.3428
2000/5/6,49.030602
2000/5/8,49.329201
2000/5/9,49.329201
2000/5/10,46.940102
2000/5/11,43.7995
2000/5/12,44.247501
2000/5/15,41.405499
2000/5/16,43.351501
2000/5/17,46.3428
2000/5/18,49.329201
2000/5/19,49.329201
2000/5/20,47.238701
2000/5/22,46.641399
2000/5/23,43.500801
2000/5/24,42.306301
2000/5/25,43.052898
2000/5/26,42.455601
2000/5/29,42.455601
2000/5/30,46.3428
2000/5/31,46.044102
2000/6/1,45.7407
2000/6/2,48.134602
2000/6/3,48.134602
2000/6/5,50.225101
2000/6/7,49.627899
2000/6/8,50.528599
2000/6/9,51.4245
2000/6/12,49.329201
2000/6/13,49.329201
2000/6/14,48.134602
2000/6/15,47.5373
2000/6/16,44.6954
2000/6/17,42.7542
2000/6/19,48.436199
2000/6/20,51.599201
2000/6/21,50.214298
2000/6/22,48.236801
2000/6/23,48.236801
2000/6/26,48.829498
2000/6/27,47.250801
2000/6/28,46.851898
2000/6/29,44.2817
2000/6/30,42.309601
2000/7/3,45.073799
2000/7/4,44.481098
2000/7/5,44.2817
2000/7/6,44.481098
2000/7/7,44.874401
2000/7/10,46.851898
2000/7/11,50.0149
2000/7/12,52.191898
2000/7/13,54.562698
2000/7/14,55.7481
2000/7/15,55.7481
2000/7/17,52.984001
2000/7/18,54.7621
2000/7/19,53.3773
2000/7/20,50.0149
2000/7/21,50.0149
2000/7/24,53.3773
2000/7/25,53.7761
2000/7/26,53.3773
2000/7/27,51.3997
2000/7/28,50.0149
2000/7/29,51.599201
2000/7/31,51.599201
2000/8/1,49.820999
2000/8/2,50.4137
2000/8/3,53.576698
2000/8/4,53.970001
2000/8/5,54.961498
2000/8/7,53.7761
2000/8/8,54.169399
2000/8/9,57.925098
2000/8/10,58.911098
2000/8/11,58.517799
2000/8/14,60.1021
2000/8/15,60.1021
2000/8/16,60.1021
2000/8/17,59.703201
2000/8/18,58.517799
2000/8/19,56.939098
2000/8/21,58.318401
2000/8/22,56.540298
2000/8/24,57.7257
2000/8/25,58.318401
2000/8/28,61.680801
2000/8/29,61.680801
2000/8/30,61.287498
2000/8/31,58.517799
2000/9/1,55.155399
2000/9/2,54.562698
2000/9/4,54.562698
2000/9/5,58.318401
2000/9/6,54.961498
2000/9/7,54.368801
2000/9/8,54.562698
2000/9/11,53.177898
2000/9/13,51.798599
2000/9/14,50.607601
2000/9/15,49.621601
2000/9/16,49.422199
2000/9/18,48.829498
2000/9/19,49.820999
2000/9/20,47.644001
2000/9/21,44.481098
2000/9/22,38.747799
2000/9/25,36.376999
2000/9/26,35.191601
2000/9/27,34.0061
2000/9/28,36.376999
2000/9/29,37.562401
2000/9/30,37.562401
2000/10/2,36.376999
2000/10/3,34.0061
2000/10/4,36.376999
2000/10/5,36.376999
2000/10/6,33.806702
2000/10/7,31.6297
2000/10/9,29.4583
2000/10/11,31.4359
2000/10/12,30.4443
2000/10/13,32.421902
2000/10/16,34.5989
2000/10/17,35.191601
2000/10/18,35.191601
2000/10/19,32.815201
2000/10/20,31.829201
2000/10/21,30.843201
2000/10/23,31.037001
2000/10/24,32.2225
2000/10/25,30.2449
2000/10/26,30.051001
2000/10/27,32.028599
2000/10/30,34.200001
2000/10/31,34.0061
2000/11/1,31.6297
2000/11/2,29.652201
2000/11/3,29.652201
2000/11/4,27.680201
2000/11/6,27.680201
2000/11/7,24.118401
2000/11/8,25.1099
2000/11/9,24.9105
2000/11/10,25.303801
2000/11/13,26.8881
2000/11/14,27.8741
2000/11/15,27.0819
2000/11/16,26.2953
2000/11/17,26.2953
2000/11/18,27.8741
2000/11/20,26.2953
2000/11/21,25.503201
2000/11/22,24.9105
2000/11/23,24.118401
2000/11/24,24.118401
2000/11/27,24.118401
2000/11/28,24.9105
2000/11/29,25.303801
2000/11/30,24.9105
2000/12/1,24.118401
2000/12/2,22.5397
2000/12/4,21.947001
2000/12/5,21.3487
2000/12/6,20.756001
2000/12/7,20.1633
2000/12/8,20.1633
2000/12/11,19.493
2000/12/12,18.8228
2000/12/13,18.623301
2000/12/14,17.9918
2000/12/15,17.9918
2000/12/16,17.8312
2000/12/18,18.423901
2000/12/19,19.6924
2000/12/20,20.9554
2000/12/21,22.1408
2000/12/22,23.5257
2000/12/26,24.317801
2000/12/27,22.932899
2000/12/28,23.5257
2000/12/29,22.5397
2000/12/30,23.919001
2001/1/2,25.503201
2001/1/3,27.2813
2001/1/4,27.2813
2001/1/5,27.2813
2001/1/8,27.2813
2001/1/9,27.2813
2001/1/10,27.2813
2001/1/11,27.2813
2001/1/12,25.503201
2001/1/15,27.2813
2001/1/16,27.480801
2001/1/17,28.865601
2001/1/18,30.2449
2001/1/29,28.466801
2001/1/30,27.680201
2001/1/31,26.0959
2001/2/1,27.680201
2001/2/2,27.2813
2001/2/5,28.666201
2001/2/6,30.4443
2001/2/7,29.2589
2001/2/8,31.2365
2001/2/9,31.4359
2001/2/12,31.4359
2001/2/13,30.051001
2001/2/14,29.0595
2001/2/15,27.2813
2001/2/16,27.480801
2001/2/19,26.688601
2001/2/20,26.688601
2001/2/21,26.688601
2001/2/22,24.9105
2001/2/23,25.503201
2001/2/26,27.0819
2001/2/27,26.0959
2001/3/1,27.8741
2001/3/2,27.0819
2001/3/5,27.2813
2001/3/6,26.688601
2001/3/7,26.489201
2001/3/8,26.489201
2001/3/9,27.2813
2001/3/12,28.2729
2001/3/13,26.688601
2001/3/14,26.489201
2001/3/15,26.0959
2001/3/16,27.0819
2001/3/19,28.0735
2001/3/20,28.466801
2001/3/21,27.8741
2001/3/22,28.466801
2001/3/23,29.0595
2001/3/26,28.0735
2001/3/27,26.489201
2001/3/28,25.503201
2001/3/29,25.8965
2001/3/30,25.8965
2001/4/2,26.2953
2001/4/3,26.489201
2001/4/4,25.1099
2001/4/6,25.1099
2001/4/9,25.8965
2001/4/10,26.2953
2001/4/11,24.9105
2001/4/12,25.503201
2001/4/13,26.2953
2001/4/16,26.688601
2001/4/17,27.0819
2001/4/18,26.688601
2001/4/19,26.8881
2001/4/20,25.7026
2001/4/23,25.7026
2001/4/24,24.9105
2001/4/25,24.118401
2001/4/26,24.118401
2001/4/27,24.118401
2001/4/30,24.9105
2001/5/2,23.3263
2001/5/3,21.747499
2001/5/4,20.3627
2001/5/7,20.1633
2001/5/8,19.099701
2001/5/9,20.3627
2001/5/10,20.1633
2001/5/11,19.9694
2001/5/14,19.216
2001/5/15,19.9694
2001/5/16,19.9694
2001/5/17,18.7784
2001/5/18,18.6621
2001/5/21,19.9694
2001/5/22,21.3487
2001/5/23,21.5481
2001/5/24,20.562099
2001/5/25,19.9694
2001/5/28,20.562099
2001/5/29,20.1633
2001/5/30,19.77
2001/5/31,19.609301
2001/6/1,20.562099
2001/6/4,21.947001
2001/6/5,21.947001
2001/6/6,21.747499
2001/6/7,21.947001
2001/6/8,22.3402
2001/6/11,22.3402
2001/6/12,21.747499
2001/6/13,21.747499
2001/6/14,21.3487
2001/6/15,20.9554
2001/6/18,21.1548
2001/6/19,19.9694
2001/6/20,19.099701
2001/6/21,19.099701
2001/6/22,18.9391
2001/6/26,19.0263
2001/6/27,19.0263
2001/6/28,19.738001
2001/6/29,19.5007
2001/7/2,18.789
2001/7/3,18.5518
2001/7/4,18.8839
2001/7/5,19.927799
2001/7/6,19.4533
2001/7/9,19.2635
2001/7/10,19.311001
2001/7/11,20.6395
2001/7/12,19.5956
2001/7/13,19.548201
2001/7/16,19.738001
2001/7/17,19.311001
2001/7/18,20.022699
2001/7/19,19.4533
2001/7/20,18.1248
2001/7/23,16.938601
2001/7/24,17.745199
2001/7/25,18.5044
2001/7/26,18.2197
2001/7/27,18.25
2001/7/31,18.267099
2001/8/1,18.4569
2001/8/2,19.690599
2001/8/3,19.738001
2001/8/6,19.216101
2001/8/7,19.643101
2001/8/8,19.690599
2001/8/9,19.548201
2001/8/10,19.311001
2001/8/13,19.1686
2001/8/14,19.5007
2001/8/15,19.7854
2001/8/16,19.738001
2001/8/17,19.7854
2001/8/20,19.0737
2001/8/21,20.4023
2001/8/22,19.880301
2001/8/23,19.0737
2001/8/24,17.840099
2001/8/27,18.3146
2001/8/28,17.6029
2001/8/29,18.0299
2001/8/30,17.650299
2001/8/31,17.460501
2001/9/3,17.080999
2001/9/4,17.650299
2001/9/5,17.128401
2001/9/6,16.0846
2001/9/7,15.5626
2001/9/10,15.0882
2001/9/11,14.0443
2001/9/13,14
2001/9/14,13.0954
2001/9/19,12.1939
2001/9/20,12
2001/9/21,11.9
2001/9/24,11.8
2001/9/25,11.5296
2001/9/26,11.1501
2001/9/27,11.1
2001/9/28,10.9128
2001/10/2,11.672
2001/10/3,11.7669
2001/10/4,11.7
2001/10/5,11.3
2001/10/8,11.1501
2001/10/9,10.3909
2001/10/11,10.296
2001/10/12,10.8654
2001/10/15,10.2486
2001/10/16,10.9603
2001/10/17,11
2001/10/18,11.7194
2001/10/19,11.7194
2001/10/22,11.7194
2001/10/23,12.0516
2001/10/24,12.2414
2001/10/25,12.1464
2001/10/26,12.4311
2001/10/29,13.0005
2001/10/30,12.6209
2001/10/31,12.7158
2001/11/1,12.6684
2001/11/2,12.7158
2001/11/5,12.6684
2001/11/6,11.9093
2001/11/7,12.4311
2001/11/8,12.4786
2001/11/9,13.3326
2001/11/12,13.902
2001/11/13,13.3801
2001/11/14,13.4275
2001/11/15,13.2852
2001/11/16,13.5
2001/11/19,13.8071
2001/11/20,14.7561
2001/11/21,15.0407
2001/11/22,15.278
2001/11/23,15.278
2001/11/26,15.8948
2001/11/27,14.9458
2001/11/28,15.9897
2001/11/29,16.3218
2001/11/30,16.3218
2001/12/3,16.796301
2001/12/4,16.5116
2001/12/5,15.705
2001/12/6,15.6576
2001/12/7,15.6576
2001/12/10,16.7488
2001/12/11,16.986099
2001/12/12,17.413099
2001/12/13,18.5993
2001/12/14,19.738001
2001/12/17,19.0737
2001/12/18,18.7416
2001/12/19,19.975201
2001/12/20,19.5956
2001/12/21,19.832899
2001/12/24,21.2089
2001/12/25,20
2001/12/26,19.832899
2001/12/27,20.354799
2001/12/28,19.1686
2001/12/31,20.022699
2002/1/2,21.3986
2002/1/3,21.114
2002/1/4,19.975201
2002/1/7,21.3512
2002/1/8,22.8221
2002/1/9,23
2002/1/10,24.198
2002/1/11,24.5
2002/1/14,25.1469
2002/1/15,26.8076
2002/1/16,27.7565
2002/1/17,27.7565
2002/1/18,27.282101
2002/1/21,27.7565
2002/1/22,26.0959
2002/1/23,26.5704
2002/1/24,25.1469
2002/1/25,25.384199
2002/1/28,25.621401
2002/1/29,27.282101
2002/1/30,27.282101
2002/1/31,26.0959
2002/2/1,26.5704
2002/2/4,27.5193
2002/2/5,27.0448
2002/2/6,27.0448
2002/2/18,28.7055
2002/2/19,28
2002/2/20,27.282101
2002/2/21,26.5704
2002/2/22,26.5704
2002/2/25,26.8076
2002/2/26,26
2002/2/27,26
2002/3/1,26
2002/3/4,26
2002/3/5,26
2002/3/6,26
2002/3/7,26
2002/3/8,27.0448
2002/3/11,25.621401
2002/3/12,24.672501
2002/3/13,24.198
2002/3/14,24.4352
2002/3/15,23.1542
2002/3/18,23.2491
2002/3/19,24.672501
2002/3/20,24.672501
2002/3/21,25.1469
2002/3/22,26.0959
2002/3/25,25.621401
2002/3/26,26.5704
2002/3/27,26.0959
2002/3/28,26.0959
2002/3/29,26.5704
2002/4/1,25.8587
2002/4/2,25.384199
2002/4/3,25.1469
2002/4/4,25.384199
2002/4/8,25.1469
2002/4/9,25.1469
2002/4/10,25.8587
2002/4/11,27.5193
2002/4/12,29.4172
2002/4/15,28.942699
2002/4/16,28.7055
2002/4/17,27.0448
2002/4/18,26.8076
2002/4/19,25.8587
2002/4/22,26.0959
2002/4/23,25.8587
2002/4/24,25.621401
2002/4/25,24.672501
2002/4/26,24.672501
2002/4/29,23.7236
2002/4/30,23.296499
2002/5/2,23.4389
2002/5/3,23.5812
2002/5/6,25.1469
2002/5/7,24.4352
2002/5/8,24.198
2002/5/9,24.4352
2002/5/10,23.9608
2002/5/13,23.6761
2002/5/14,23.4863
2002/5/15,23.4863
2002/5/16,23.6761
2002/5/17,23.296499
2002/5/20,23.2491
2002/5/21,22.679701
2002/5/22,23.106701
2002/5/23,23.106701
2002/5/24,21.968
2002/5/27,22.2052
2002/5/28,20.686899
2002/5/29,20.2125
2002/5/30,19.738001
2002/5/31,19.690599
2002/6/3,20.9716
2002/6/4,19.880301
2002/6/5,20.022699
2002/6/6,20.686899
2002/6/7,19.975201
2002/6/10,20.259899
2002/6/11,18.8839
2002/6/12,17.9825
2002/6/13,18.3146
2002/6/14,18.4095
2002/6/17,19.405899
2002/6/18,19.2635
2002/6/19,18.9788
2002/6/20,18.4095
2002/6/21,18.9314
2002/6/24,18.5993
2002/6/25,18.694201
2002/6/26,18.694201
2002/6/27,18.9788
2002/6/28,19.121201
2002/7/1,18.2197
2002/7/2,18.8839
2002/7/3,18.5044
2002/7/4,18.5044
2002/7/5,18.9788
2002/7/8,18.789
2002/7/9,19.216101
2002/7/10,19.405899
2002/7/11,18.694201
2002/7/12,19.1686
2002/7/15,19.121201
2002/7/16,18.4095
2002/7/17,18.1248
2002/7/18,16.891199
2002/7/19,16.2269
2002/7/22,16.4167
2002/7/23,15.278
2002/7/24,15.0882
2002/7/25,15.3729
2002/7/26,16.3218
2002/7/29,16.8437
2002/7/30,16.8437
2002/7/31,17.745199
2002/8/1,17.413099
2002/8/2,17.2707
2002/8/5,17.8876
2002/8/6,17.840099
2002/8/7,17.555401
2002/8/8,17.365601
2002/8/9,17.413099
2002/8/12,17.2707
2002/8/13,16.606501
2002/8/14,17.080999
2002/8/15,16.606501
2002/8/16,16.7488
2002/8/19,15.6101
2002/8/20,15.8948
2002/8/21,16.6539
2002/8/22,16.3692
2002/8/23,15.9422
2002/8/26,15.7524
2002/8/27,14.6611
2002/8/28,13.8071
2002/8/29,14.329
2002/8/30,14.1867
2002/9/2,15.1356
2002/9/3,17.2115
2002/9/4,17.5569
2002/9/5,18.132601
2002/9/9,18.880899
2002/9/10,19.456499
2002/9/11,19.6868
2002/9/12,19.7444
2002/9/13,19.7444
2002/9/16,20.147301
2002/9/17,20.147301
2002/9/18,20.2624
2002/9/19,20.3776
2002/9/20,20.2624
2002/9/23,20.147301
2002/9/24,19.917
2002/9/25,18.996
2002/9/26,18.7082
2002/9/27,18.5355
2002/9/30,17.6145
2002/10/1,17.6145
2002/10/2,18.3053
2002/10/3,19.0536
2002/10/4,18.880899
2002/10/7,18.996
2002/10/8,18.362801
2002/10/9,17.9023
2002/10/11,18.996
2002/10/14,18.132601
2002/10/15,18.2477
2002/10/16,17.787201
2002/10/17,17.2691
2002/10/18,17.3267
2002/10/21,16.750999
2002/10/22,16.866199
2002/10/23,16.693399
2002/10/24,16.405701
2002/10/25,16.348101
2002/10/28,16.1754
2002/10/29,15.5422
2002/10/30,15.3119
2002/10/31,14.3909
2002/11/1,15.0241
2002/11/4,14.7363
2002/11/5,14.7363
2002/11/6,14.7939
2002/11/7,15.7724
2002/11/8,16.866199
2002/11/11,17.384199
2002/11/12,17.6145
2002/11/13,17.9599
2002/11/14,18.4779
2002/11/15,17.6145
2002/11/18,18.823299
2002/11/19,18.7658
2002/11/20,18.4779
2002/11/21,18.362801
2002/11/22,18.4779
2002/11/25,18.7082
2002/11/26,18.996
2002/11/27,18.3053
2002/11/28,19.2838
2002/11/29,18.7658
2002/12/2,19.801901
2002/12/3,19.5716
2002/12/4,19.2838
2002/12/5,18.420401
2002/12/6,18.7658
2002/12/9,18.5931
2002/12/10,18.5355
2002/12/11,18.7658
2002/12/12,19.0536
2002/12/13,18.6506
2002/12/16,18.3053
2002/12/17,18.017401
2002/12/18,18.1901
2002/12/19,18.1901
2002/12/20,17.729601
2002/12/23,17.3267
2002/12/24,17.3267
2002/12/25,17.9599
2002/12/26,17.9599
2002/12/27,20.089701
2002/12/30,20.147301
2002/12/31,20.2624
2003/1/2,20.2048
2003/1/3,21.5863
2003/1/6,21.0107
2003/1/7,21.0107
2003/1/8,19.6292
2003/1/9,20.147301
2003/1/10,20.3776
2003/1/13,20.2048
2003/1/14,18.996
2003/1/15,19.0536
2003/1/16,19.399
2003/1/17,18.7082
2003/1/20,18.5355
2003/1/21,18.5355
2003/1/22,19.168699
2003/1/23,18.7082
2003/1/24,18.2477
2003/1/27,18.2477
2003/1/28,18.2477
2003/2/6,18.362801
2003/2/7,18.823299
2003/2/10,18.823299
2003/2/11,20.089701
2003/2/12,20.435101
2003/2/13,20.7229
2003/2/14,20.435101
2003/2/17,21.4137
2003/2/18,21.183399
2003/2/19,20.6654
2003/2/20,19.859501
2003/2/21,19.9746
2003/2/24,19.859501
2003/2/25,20.147301
2003/2/26,19.917
2003/2/27,20.6078
2003/3/3,20.2624
2003/3/4,20.0322
2003/3/5,20.0322
2003/3/6,20.0322
2003/3/7,20.0322
2003/3/10,20.0322
2003/3/11,20.0322
2003/3/12,20.0322
2003/3/13,20.0322
2003/3/14,18.6506
2003/3/17,19.111099
2003/3/18,18.7082
2003/3/19,18.7658
2003/3/20,18.880899
2003/3/21,18.420401
2003/3/24,18.420401
2003/3/25,19.456499
2003/3/26,18.938499
2003/3/27,18.7082
2003/3/28,19.0536
2003/3/31,18.823299
2003/4/1,18.938499
2003/4/2,18.132601
2003/4/3,18.132601
2003/4/4,17.729601
2003/4/7,17.729601
2003/4/8,18.132601
2003/4/9,17.8447
2003/4/10,17.3267
2003/4/11,17.3267
2003/4/14,17.384199
2003/4/15,17.3267
2003/4/16,17.2691
2003/4/17,17.5569
2003/4/18,17.672001
2003/4/21,17.8447
2003/4/22,17.153999
2003/4/23,18.3053
2003/4/24,18.017401
2003/4/25,19.111099
2003/4/28,18.7082
2003/4/29,18.7658
2003/4/30,18.4779
2003/5/2,18.4779
2003/5/5,19.456499
2003/5/6,19.0536
2003/5/7,18.3053
2003/5/8,18.6506
2003/5/9,18.420401
2003/5/12,18.7658
2003/5/13,19.226299
2003/5/14,19.226299
2003/5/15,19.2838
2003/5/16,19.168699
2003/5/19,19.2838
2003/5/20,19.111099
2003/5/21,18.880899
2003/5/22,18.996
2003/5/23,19.399
2003/5/26,19.456499
2003/5/27,19.7444
2003/5/28,19.6292
2003/5/29,19.456499
2003/5/30,19.5716
2003/6/2,19.0536
2003/6/3,18.420401
2003/6/5,17.8447
2003/6/6,18.2477
2003/6/9,18.2477
2003/6/10,18.2477
2003/6/11,18.5355
2003/6/12,18.362801
2003/6/13,18.3053
2003/6/16,18.4779
2003/6/17,18.1901
2003/6/18,18.3053
2003/6/19,18.420401
2003/6/20,18.6506
2003/6/23,18.6506
2003/6/24,18.7658
2003/6/25,18.7658
2003/6/26,18.420401
2003/6/27,18.6506
2003/6/30,18.5931
2003/7/1,19.168699
2003/7/2,19.3414
2003/7/3,19.6292
2003/7/4,19.5716
2003/7/7,19.7444
2003/7/8,20.089701
2003/7/9,20.147301
2003/7/10,20.6078
2003/7/11,20.435101
2003/7/14,20.435101
2003/7/15,21.0107
2003/7/16,20.7805
2003/7/17,21.0683
2003/7/18,21.7015
2003/7/21,21.240999
2003/7/22,21.5863
2003/7/23,23.083
2003/7/24,24.0616
2003/7/25,24.5797
2003/7/28,24.3494
2003/7/29,24.752399
2003/7/30,24.407
2003/7/31,24.752399
2003/8/1,24.6373
2003/8/4,24.752399
2003/8/5,25.1553
2003/8/6,25.1553
2003/8/7,25.040199
2003/8/8,25.7885
2003/8/11,27.573
2003/8/12,27.112499
2003/8/13,28.493999
2003/8/14,28.493999
2003/8/15,28.321301
2003/8/18,27.9184
2003/8/19,28.091101
2003/8/20,28.091101
2003/8/21,29.3575
2003/8/22,28.7819
2003/8/25,29.0697
2003/8/26,27.745701
2003/8/27,27.5154
2003/8/28,26.767099
2003/8/29,27.400299
2003/9/1,28.7819
2003/9/2,29.3575
2003/9/3,30.7966
2003/9/4,32.2356
2003/9/5,31.0844
2003/9/8,31.3722
2003/9/9,30.7966
2003/9/10,32.811298
2003/9/12,32.2356
2003/9/15,33.844101
2003/9/16,32.863098
2003/9/17,32.7229
2003/9/18,33.563801
2003/9/19,33.143398
2003/9/22,33.703999
2003/9/23,35.3857
2003/9/24,35.3857
2003/9/25,35.736
2003/9/26,35.736
2003/9/29,35.035301
2003/9/30,36.436699
2003/10/1,37.137402
2003/10/2,37.137402
2003/10/3,37.487801
2003/10/6,35.736
2003/10/7,35.035301
2003/10/8,34.1945
2003/10/9,35.3857
2003/10/13,35.035301
2003/10/14,35.3857
2003/10/15,35.736
2003/10/16,35.736
2003/10/17,35.035301
2003/10/20,35.736
2003/10/21,35.736
2003/10/22,35.3857
2003/10/23,35.3857
2003/10/24,35.736
2003/10/27,35.035301
2003/10/28,35.035301
2003/10/29,35.035301
2003/10/30,35.035301
2003/10/31,34.7551
2003/11/3,33.2836
2003/11/4,32.7229
2003/11/5,33.774101
2003/11/6,32.933201
2003/11/7,32.582802
2003/11/10,32.232399
2003/11/11,32.582802
2003/11/12,32.302601
2003/11/13,32.863098
2003/11/14,32.7229
2003/11/17,32.232399
2003/11/18,32.0923
2003/11/19,31.6719
2003/11/20,32.162399
2003/11/21,32.162399
2003/11/24,33.6339
2003/11/25,33.9842
2003/11/26,35.035301
2003/11/27,36.086399
2003/11/28,35.736
2003/12/1,36.086399
2003/12/2,35.736
2003/12/3,36.086399
2003/12/4,35.3857
2003/12/5,34.965199
2003/12/8,34.8251
2003/12/9,36.086399
2003/12/10,35.736
2003/12/11,34.8251
2003/12/12,35.035301
2003/12/15,35.3857
2003/12/16,34.895199
2003/12/17,34.8251
2003/12/18,34.474701
2003/12/19,34.895199
2003/12/22,35.035301
2003/12/23,35.035301
2003/12/24,34.7551
2003/12/25,35.3857
2003/12/26,34.8251
2003/12/29,34.965199
2003/12/30,34.7551
2003/12/31,34.334599
2004/1/2,32.863098
2004/1/5,34.124401
2004/1/6,33.703999
2004/1/7,33.9842
2004/1/8,34.124401
2004/1/9,33.6339
2004/1/12,34.1945
2004/1/13,35.035301
2004/1/14,35.3857
2004/1/15,35.736
2004/1/16,36.086399
2004/1/27,35.3857
2004/1/28,34.965199
2004/1/29,35.035301
2004/1/30,35.035301
2004/2/2,35.736
2004/2/3,35.736
2004/2/4,35.736
2004/2/5,35.035301
2004/2/6,34.474701
2004/2/9,34.895199
2004/2/10,34.895199
2004/2/11,35.035301
2004/2/12,35.035301
2004/2/13,35.736
2004/2/16,35.035301
2004/2/17,35.035301
2004/2/18,35.035301
2004/2/19,35.736
2004/2/20,35.3857
2004/2/23,35.3857
2004/2/24,36.086399
2004/2/25,36.787102
2004/2/26,36.787102
2004/2/27,36.436699
2004/3/1,36.086399
2004/3/2,36.787102
2004/3/3,36.436699
2004/3/4,36.787102
2004/3/5,37.487801
2004/3/8,38.538799
2004/3/9,37.487801
2004/3/10,37.487801
2004/3/11,37.487801
2004/3/12,37.487801
2004/3/15,37.487801
2004/3/16,37.487801
2004/3/17,37.487801
2004/3/18,37.487801
2004/3/19,37.8381
2004/3/22,36.436699
2004/3/23,37.137402
2004/3/24,36.436699
2004/3/25,35.736
2004/3/26,35.736
2004/3/29,35.035301
2004/3/30,35.3857
2004/3/31,35.736
2004/4/1,35.736
2004/4/2,35.736
2004/4/5,37.8381
2004/4/6,37.8381
2004/4/7,37.8381
2004/4/8,37.487801
2004/4/9,37.487801
2004/4/12,37.487801
2004/4/13,37.8381
2004/4/14,37.8381
2004/4/15,36.787102
2004/4/16,37.487801
2004/4/19,37.8381
2004/4/20,36.787102
2004/4/21,38.188499
2004/4/22,38.538799
2004/4/23,38.188499
2004/4/26,38.188499
2004/4/27,38.538799
2004/4/28,38.188499
2004/4/29,37.487801
2004/4/30,37.137402
2004/5/3,36.787102
2004/5/4,35.3857
2004/5/5,35.3857
2004/5/6,34.685001
2004/5/7,36.086399
2004/5/10,36.436699
2004/5/11,36.787102
2004/5/12,34.2645
2004/5/13,34.1945
2004/5/14,34.404701
2004/5/17,34.334599
2004/5/18,34.404701
2004/5/19,36.787102
2004/5/20,35.736
2004/5/21,35.736
2004/5/24,35.736
2004/5/25,36.086399
2004/5/26,36.086399
2004/5/27,35.736
2004/5/28,35.736
2004/5/31,36.086399
2004/6/1,35.3857
2004/6/2,35.736
2004/6/3,35.3857
2004/6/4,35.736
2004/6/7,35.3857
2004/6/8,36.086399
2004/6/9,36.086399
2004/6/10,36.086399
2004/6/11,35.736
2004/6/14,35.736
2004/6/15,36.086399
2004/6/16,36.436699
2004/6/17,35.736
2004/6/18,35.3857
2004/6/21,34.5448
2004/6/23,32.933201
2004/6/24,33.563801
2004/6/25,34.965199
2004/6/28,32.582802
2004/6/29,32.933201
2004/6/30,33.844101
2004/7/1,32.652901
2004/7/2,31.9522
2004/7/5,32.7229
2004/7/6,32.582802
2004/7/7,31.3216
2004/7/8,29.149401
2004/7/9,29.780001
2004/7/12,31.812099
2004/7/13,31.812099
2004/7/14,32.933201
2004/7/15,33.6339
2004/7/16,33.073299
2004/7/19,32.792999
2004/7/20,32.863098
2004/7/21,34.334599
2004/7/22,33.143398
2004/7/23,33.143398
2004/7/26,32.7229
2004/7/27,32.162399
2004/7/28,31.882099
2004/7/29,32.933201
2004/7/30,33.6339
2004/8/2,33.423698
2004/8/3,32.302601
2004/8/4,31.812099
2004/8/5,31.531799
2004/8/6,31.6719
2004/8/9,31.812099
2004/8/10,32.7229
2004/8/11,32.582802
2004/8/12,32.652901
2004/8/13,32.652901
2004/8/16,33.493801
2004/8/17,33.3536
2004/8/18,33.563801
2004/8/19,32.442699
2004/8/20,32.7229
2004/8/23,33.143398
2004/8/26,33.0033
2004/8/27,32.0923
2004/8/30,31.4617
2004/8/31,31.4617
2004/9/1,30.690901
2004/9/2,30.8311
2004/9/3,30.9011
2004/9/6,31.1814
2004/9/7,30.2705
2004/9/8,30.2705
2004/9/9,30.2705
2004/9/10,30.8311
2004/9/13,31.4617
2004/9/14,31.1814
2004/9/15,32.232399
2004/9/16,32.442699
2004/9/17,32.933201
2004/9/20,32.582802
2004/9/21,33.9142
2004/9/22,33.563801
2004/9/23,33.327702
2004/9/24,33.714298
2004/9/27,33.714298
2004/9/29,33.0952
2004/9/30,32.4771
2004/10/1,34.719601
2004/10/4,34.874199
2004/10/5,35.0289
2004/10/6,34.410301
2004/10/7,34.332901
2004/10/8,34.332901
2004/10/11,36.0341
2004/10/12,36.188801
2004/10/13,35.879501
2004/10/14,36.4207
2004/10/15,37.812599
2004/10/18,37.116699
2004/10/19,36.884701
2004/10/20,36.884701
2004/10/21,36.884701
2004/10/22,36.730099
2004/10/26,35.415501
2004/10/27,35.260899
2004/10/28,35.0289
2004/10/29,35.0289
2004/11/1,35.260899
2004/11/2,34.101002
2004/11/3,34.796902
2004/11/4,35.106201
2004/11/5,34.719601
2004/11/8,34.874199
2004/11/9,34.874199
2004/11/10,35.3382
2004/11/11,35.879501
2004/11/12,35.879501
2004/11/15,35.647499
2004/11/16,34.874199
2004/11/17,34.874199
2004/11/18,35.570202
2004/11/19,35.956799
2004/11/22,36.111401
2004/11/23,35.570202
2004/11/24,35.570202
2004/11/25,35.570202
2004/11/26,35.0289
2004/11/29,35.570202
2004/11/30,35.879501
2004/12/1,37.735298
2004/12/2,38.2766
2004/12/3,38.2766
2004/12/6,39.0499
2004/12/7,38.6632
2004/12/8,38.2766
2004/12/9,38.044601
2004/12/10,38.431198
2004/12/13,39.0499
2004/12/14,37.735298
2004/12/15,37.348701
2004/12/16,37.425999
2004/12/17,36.652699
2004/12/20,36.884701
2004/12/21,36.884701
2004/12/22,36.884701
2004/12/23,35.570202
2004/12/24,35.7248
2004/12/27,35.956799
2004/12/28,37.812599
2004/12/29,38.121899
2004/12/30,39.0499
2004/12/31,39.436501
2005/1/3,39.436501
2005/1/4,40.209702
2005/1/5,40.209702
2005/1/6,40.209702
2005/1/7,39.823101
2005/1/10,40.209702
2005/1/11,40.596401
2005/1/12,40.596401
2005/1/13,41.369598
2005/1/14,40.983002
2005/1/17,40.209702
2005/1/18,39.436501
2005/1/19,37.889999
2005/1/20,37.889999
2005/1/21,37.9673
2005/1/24,38.199299
2005/1/25,37.9673
2005/1/26,38.044601
2005/1/27,38.044601
2005/1/28,38.199299
2005/1/31,38.6632
2005/2/1,38.6632
2005/2/2,39.436501
2005/2/3,40.209702
2005/2/14,40.209702
2005/2/15,40.983002
2005/2/16,41.369598
2005/2/17,41.369598
2005/2/18,40.596401
2005/2/21,40.596401
2005/2/22,39.0499
2005/2/23,39.436501
2005/2/24,39.823101
2005/2/25,40.209702
2005/3/1,39.823101
2005/3/2,40.209702
2005/3/3,40.209702
2005/3/4,39.823101
2005/3/7,40.596401
2005/3/8,40.596401
2005/3/9,40.209702
2005/3/10,40.596401
2005/3/11,40.596401
2005/3/14,39.823101
2005/3/15,39.436501
2005/3/16,40.209702
2005/3/17,39.0499
2005/3/18,39.0499
2005/3/21,39.823101
2005/3/22,38.6632
2005/3/23,39.0499
2005/3/24,38.6632
2005/3/25,38.6632
2005/3/28,38.353901
2005/3/29,38.121899
2005/3/30,38.353901
2005/3/31,38.2766
2005/4/1,38.2766
2005/4/4,38.353901
2005/4/6,38.6632
2005/4/7,38.353901
2005/4/8,38.044601
2005/4/11,38.6632
2005/4/12,38.121899
2005/4/13,39.0499
2005/4/14,38.585899
2005/4/15,38.585899
2005/4/18,38.585899
2005/4/19,38.585899
2005/4/20,38.585899
2005/4/21,38.585899
2005/4/22,38.585899
2005/4/25,39.436501
2005/4/26,39.823101
2005/4/27,39.0499
2005/4/28,38.6632
2005/4/29,38.6632
2005/5/3,39.436501
2005/5/4,39.436501
2005/5/5,38.6632
2005/5/6,39.0499
2005/5/9,39.0499
2005/5/10,39.0499
2005/5/11,38.9725
2005/5/12,39.0499
2005/5/13,38.431198
2005/5/16,38.9725
2005/5/17,38.6632
2005/5/18,39.127201
2005/5/19,39.3592
2005/5/20,39.436501
2005/5/23,39.436501
2005/5/24,38.6632
2005/5/25,38.353901
2005/5/26,38.160599
2005/5/27,38.160599
2005/5/30,38.2766
2005/5/31,38.740601
2005/6/1,38.392601
2005/6/2,38.2766
2005/6/3,38.431198
2005/6/6,38.585899
2005/6/7,38.6632
2005/6/8,38.2379
2005/6/9,38.121899
2005/6/10,38.2766
2005/6/13,38.508598
2005/6/14,38.508598
2005/6/15,38.508598
2005/6/16,38.9725
2005/6/17,39.0499
2005/6/20,40.596401
2005/6/21,40.596401
2005/6/22,40.364399
2005/6/23,40.055099
2005/6/24,40.364399
2005/6/27,39.204498
2005/6/28,38.2766
2005/6/29,39.436501
2005/6/30,39.0499
2005/7/1,39.7458
2005/7/4,39.436501
2005/7/5,40.209702
2005/7/6,40.209702
2005/7/7,39.977798
2005/7/8,40.596401
2005/7/11,39.591202
2005/7/12,39.591099
2005/7/13,41.446999
2005/7/14,43.148102
2005/7/15,44.926701
2005/7/19,44.926701
2005/7/20,44.8493
2005/7/21,44.694698
2005/7/22,45.467899
2005/7/25,44.8493
2005/7/26,43.844101
2005/7/27,45.1586
2005/7/28,44.617401
2005/7/29,44.230701
2005/8/1,45.854599
2005/8/2,45.236
2005/8/3,45.854599
2005/8/4,45.004002
2005/8/8,45.313301
2005/8/9,46.163898
2005/8/10,46.086601
2005/8/11,46.395901
2005/8/12,46.009201
2005/8/15,44.8493
2005/8/16,44.694698
2005/8/17,44.076099
2005/8/18,44.076099
2005/8/19,44.076099
2005/8/22,45.854599
2005/8/23,45.5453
2005/8/24,47.246498
2005/8/25,47.942402
2005/8/26,47.478401
2005/8/29,47.555801
2005/8/30,49.488899
2005/8/31,49.411598
2005/9/2,48.715698
2005/9/5,48.329102
2005/9/6,49.102299
2005/9/7,49.720901
2005/9/8,49.334301
2005/9/9,48.406399
2005/9/12,48.8703
2005/9/13,48.329102
2005/9/14,48.329102
2005/9/15,48.406399
2005/9/16,47.942402
2005/9/19,47.169102
2005/9/20,46.7052
2005/9/21,47.323799
2005/9/22,46.782501
2005/9/23,48.715698
2005/9/26,49.6436
2005/9/27,49.334301
2005/9/28,48.329102
2005/9/29,46.550499
2005/9/30,46.550499
2005/10/3,46.318501
2005/10/4,46.7052
2005/10/5,47.865101
2005/10/6,46.7052
2005/10/7,46.782501
2005/10/11,46.7052
2005/10/12,47.169102
2005/10/13,47.4011
2005/10/14,46.937099
2005/10/17,47.555801
2005/10/18,47.555801
2005/10/19,48.4837
2005/10/20,49.523899
2005/10/21,49.523899
2005/10/24,51.6091
2005/10/25,51.087799
2005/10/26,51.869701
2005/10/27,51.695999
2005/10/28,51.9566
2005/10/31,52.043499
2005/11/1,52.304199
2005/11/2,53.954899
2005/11/3,53.259899
2005/11/4,53.173
2005/11/7,54.3894
2005/11/8,55.779499
2005/11/9,53.868099
2005/11/10,55.171299
2005/11/11,54.041801
2005/11/14,53.868099
2005/11/15,53.173
2005/11/16,53.868099
2005/11/17,53.868099
2005/11/18,55.4319
2005/11/21,55.4319
2005/11/22,55.4319
2005/11/23,55.605701
2005/11/24,55.605701
2005/11/25,55.605701
2005/11/28,56.474602
2005/11/29,56.040199
2005/11/30,54.7369
2005/12/1,54.1287
2005/12/2,53.346802
2005/12/5,53.607399
2005/12/6,54.997601
2005/12/7,55.084499
2005/12/8,54.823799
2005/12/9,54.041801
2005/12/12,53.7812
2005/12/13,53.868099
2005/12/14,54.910702
2005/12/15,57.388699
2005/12/16,59.367699
2005/12/19,60.357101
2005/12/20,61.616402
2005/12/21,64.764702
2005/12/22,65.484299
2005/12/23,65.6642
2005/12/26,63.425301
2005/12/27,65.6642
2005/12/28,67.733101
2005/12/29,65.484299
2005/12/30,64.315002
2006/1/2,62.425999
2006/1/3,61.616402
2006/1/4,59.817402
2006/1/5,63.9552
2006/1/6,67.013496
2006/1/9,69.711998
2006/1/10,64.854698
2006/1/11,62.6959
2006/1/12,64.494904
2006/1/13,60.2672
2006/1/16,61.076698
2006/1/17,64.764702
2006/1/18,66.473801
2006/1/19,66.203903
2006/1/20,66.743599
2006/1/23,67.283302
2006/1/24,65.2145
2006/1/25,65.484299
2006/2/3,64.674797
2006/2/6,67.463203
2006/2/7,66.563698
2006/2/8,66.563698
2006/2/9,68.182899
2006/2/10,68.182899
2006/2/13,69.802002
2006/2/14,69.4422
2006/2/15,67.5532
2006/2/16,68.362801
2006/2/17,68.362801
2006/2/20,68.182899
2006/2/21,67.5532
2006/2/22,65.574303
2006/2/23,66.833603
2006/2/24,65.844101
2006/2/27,66.563698
2006/3/1,69.082397
2006/3/2,69.172302
2006/3/3,70.251701
2006/3/6,70.521599
2006/3/7,70.881401
2006/3/8,71.061302
2006/3/9,69.352203
2006/3/10,69.711998
2006/3/13,70.611504
2006/3/14,72.140701
2006/3/15,76.818199
2006/3/16,75.1091
2006/3/17,74.029701
2006/3/20,71.505501
2006/3/21,74.569397
2006/3/22,71.331802
2006/3/23,73.489998
2006/3/24,73.759804
2006/3/27,74.929199
2006/3/28,74.209602
2006/3/29,73.310097
2006/3/30,76.008598
2006/3/31,74.2995
2006/4/3,74.2995
2006/4/4,72.050797
2006/4/6,69.711998
2006/4/7,67.103401
2006/4/10,67.373299
2006/4/11,67.373299
2006/4/12,68.542702
2006/4/13,70.161797
2006/4/14,71.241203
2006/4/17,69.981903
2006/4/18,69.802002
2006/4/19,68.8125
2006/4/20,67.463203
2006/4/21,67.643204
2006/4/24,65.6642
2006/4/25,62.425999
2006/4/26,62.965698
2006/4/27,63.685299
2006/4/28,62.965698
2006/5/2,62.5159
2006/5/3,63.415501
2006/5/4,64.764702
2006/5/5,65.6642
2006/5/8,68.092903
2006/5/9,70.161797
2006/5/10,70.0718
2006/5/11,66.833603
2006/5/12,65.6642
2006/5/15,64.674797
2006/5/16,63.505402
2006/5/17,63.415501
2006/5/18,64.764702
2006/5/19,67.463203
2006/5/22,66.113998
2006/5/23,64.764702
2006/5/24,65.754204
2006/5/25,65.034599
2006/5/26,64.135101
2006/5/29,63.8652
2006/5/30,63.8652
2006/6/1,65.2145
2006/6/2,64.944603
2006/6/5,64.584801
2006/6/6,64.224998
2006/6/7,63.9552
2006/6/8,63.145599
2006/6/9,62.965698
2006/6/12,61.616402
2006/6/13,58.018398
2006/6/14,58.018398
2006/6/15,58.018398
2006/6/16,59.367699
2006/6/19,58.9179
2006/6/20,55.319901
2006/6/21,53.700699
2006/6/22,53.700699
2006/6/23,53.790699
2006/6/26,54.780201
2006/6/27,55.319901
2006/6/28,55.7696
2006/6/29,55.8596
2006/6/30,55.589699
2006/7/3,56.579201
2006/7/4,56.309299
2006/7/5,56.489201
2006/7/6,55.499802
2006/7/7,54.240501
2006/7/10,54.4203
2006/7/11,55.2299
2006/7/12,54.6003
2006/7/13,53.610802
2006/7/14,53.8806
2006/7/17,53.520802
2006/7/18,55.589699
2006/7/19,55.499802
2006/7/20,55.679699
2006/7/21,56.848999
2006/7/24,56.129398
2006/7/25,56.579201
2006/7/26,55.679699
2006/7/27,51.991699
2006/7/28,51.362
2006/7/31,50.8223
2006/8/1,49.922798
2006/8/2,49.293201
2006/8/3,48.573502
2006/8/4,45.266602
2006/8/7,45.4403
2006/8/8,46.774502
2006/8/9,45.695099
2006/8/10,45.875
2006/8/11,47.764
2006/8/14,47.943901
2006/8/15,46.396
2006/8/16,48.033798
2006/8/17,47.853901
2006/8/18,47.674
2006/8/21,45.875
2006/8/22,47.044399
2006/8/23,46.4147
2006/8/24,46.054901
2006/8/25,47.674
2006/8/28,48.033798
2006/8/29,46.954399
2006/8/30,47.853901
2006/8/31,46.594601
2006/9/1,47.584099
2006/9/4,49.293201
2006/9/5,46.594601
2006/9/6,46.864498
2006/9/7,48.663502
2006/9/8,48.573502
2006/9/11,49.203201
2006/9/12,50.372601
2006/9/13,50.8223
2006/9/14,51.991699
2006/9/15,51.182098
2006/9/18,49.832901
2006/9/19,50.372601
2006/9/20,49.0233
2006/9/21,52.441399
2006/9/22,50.732399
2006/9/25,48.843399
2006/9/26,47.044399
2006/9/27,47.494099
2006/9/28,46.4147
2006/9/29,44.795601
2006/10/2,42.321899
2006/10/3,40.835499
2006/10/4,41.287498
2006/10/5,42.456902
2006/10/11,42.277
2006/10/12,40.882702
2006/10/13,41.062599
2006/10/14,39.271599
2006/10/16,42.5424
2006/10/17,43.8535
2006/10/18,43.6152
2006/10/19,43.519798
2006/10/20,43.8535
2006/10/23,40.230801
2006/10/24,39.563499
2006/10/25,39.372799
2006/10/26,40.373798
2006/10/27,41.4701
2006/10/30,42.566502
2006/10/31,43.519798
2006/11/1,43.043201
2006/11/2,43.8535
2006/11/3,44.282501
2006/11/6,45.0928
2006/11/7,44.902199
2006/11/8,42.2328
2006/11/9,41.184101
2006/11/10,41.565498
2006/11/13,41.184101
2006/11/14,40.802799
2006/11/15,40.5168
2006/11/16,42.328201
2006/11/17,45.283501
2006/11/20,48.429501
2006/11/21,51.003502
2006/11/22,50.908199
2006/11/23,50.908199
2006/11/24,50.240799
2006/11/27,49.859501
2006/11/28,51.194199
2006/11/29,51.5755
2006/11/30,52.5289
2006/12/1,53.537102
2006/12/4,51.480202
2006/12/5,53.2915
2006/12/6,54.816898
2006/12/7,54.816898
2006/12/8,54.2449
2006/12/11,53.863499
2006/12/12,52.5289
2006/12/13,52.0522
2006/12/14,52.0522
2006/12/15,52.0522
2006/12/18,52.8148
2006/12/19,53.482201
2006/12/20,55.102901
2006/12/21,54.7215
2006/12/22,53.005501
2006/12/25,53.005501
2006/12/26,52.222198
2006/12/27,54.626202
2006/12/28,54.912201
2006/12/29,55.6749
2007/1/2,55.6749
2007/1/3,55.293499
2007/1/4,55.770199
2007/1/5,54.816898
2007/1/8,54.054199
2007/1/9,54.530899
2007/1/10,55.293499
2007/1/11,55.388901
2007/1/12,56.448799
2007/1/15,58.916199
2007/1/16,58.1535
2007/1/17,57.486198
2007/1/18,57.1049
2007/1/19,57.486198
2007/1/22,57.486198
2007/1/23,57.1049
2007/1/24,57.3909
2007/1/25,57.962898
2007/1/26,57.581501
2007/1/29,57.486198
2007/1/30,55.960899
2007/1/31,56.628201
2007/2/1,56.818901
2007/2/2,57.3909
2007/2/5,58.630199
2007/2/6,57.962898
2007/2/7,59.106899
2007/2/8,61.9669
2007/2/9,63.015499
2007/2/12,67.305603
2007/2/13,64.064201
2007/2/14,61.680901
2007/2/26,62.9202
2007/2/27,66.5429
2007/3/1,65.780197
2007/3/2,65.5896
2007/3/3,64.731598
2007/3/5,65.970901
2007/3/6,64.350197
2007/3/7,63.015499
2007/3/8,62.9202
2007/3/9,62.4436
2007/3/12,62.634201
2007/3/13,62.824902
2007/3/14,63.2062
2007/3/15,62.9202
2007/3/16,64.731598
2007/3/19,64.350197
2007/3/20,64.540901
2007/3/21,64.445602
2007/3/22,63.301601
2007/3/23,63.8736
2007/3/26,63.968899
2007/3/27,64.826897
2007/3/28,64.826897
2007/3/29,65.398903
2007/3/30,65.1129
2007/4/2,64.826897
2007/4/3,63.8689
2007/4/4,63.2062
2007/4/9,63.015499
2007/4/10,62.538898
2007/4/11,62.634201
2007/4/12,64.064201
2007/4/13,63.968899
2007/4/14,59.5835
2007/4/16,58.058201
2007/4/17,57.962898
2007/4/18,58.534901
2007/4/19,57.772202
2007/4/20,57.8675
2007/4/23,60.441502
2007/4/24,61.0135
2007/4/25,58.8209
2007/4/26,59.488201
2007/4/27,58.609001
2007/4/30,59.106899
2007/5/2,58.630199
2007/5/3,58.725498
2007/5/4,57.962898
2007/5/7,58.058201
2007/5/8,58.1535
2007/5/9,59.297501
2007/5/10,58.3442
2007/5/11,57.8675
2007/5/14,57.772202
2007/5/15,57.8675
2007/5/16,59.106899
2007/5/17,59.1726
2007/5/18,58.8209
2007/5/21,59.202202
2007/5/22,57.676899
2007/5/23,58.058201
2007/5/24,57.200199
2007/5/25,58.439499
2007/5/28,58.3442
2007/5/29,59.106899
2007/5/30,59.964901
2007/5/31,58.916199
2007/6/1,60.0602
2007/6/4,59.678902
2007/6/5,59.297501
2007/6/6,59.7742
2007/6/7,61.9669
2007/6/8,62.9202
2007/6/11,64.159599
2007/6/12,62.1576
2007/6/13,61.394901
2007/6/14,61.108898
2007/6/15,60.155499
2007/6/20,60.5369
2007/6/21,60.0602
2007/6/22,60.822899
2007/6/23,62.9202
2007/6/25,62.1576
2007/6/26,61.9669
2007/6/27,60.918201
2007/6/28,60.918201
2007/6/29,61.4902
2007/7/2,61.776199
2007/7/3,60.346199
2007/7/4,60.7276
2007/7/5,60.0602
2007/7/6,60.5369
2007/7/9,60.7276
2007/7/10,61.9669
2007/7/11,61.871601
2007/7/12,61.871601
2007/7/13,61.9669
2007/7/16,60.632198
2007/7/17,59.266602
2007/7/18,60.5369
2007/7/19,61.776199
2007/7/20,61.4902
2007/7/23,61.0135
2007/7/24,60.5369
2007/7/25,60.822899
2007/7/26,60.346199
2007/7/27,60.0602
2007/7/30,60.441502
2007/7/31,60.0602
2007/8/1,61.0135
2007/8/2,60.441502
2007/8/3,60.7276
2007/8/6,61.108898
2007/8/7,61.204201
2007/8/8,61.585499
2007/8/9,60.346199
2007/8/10,60.5369
2007/8/13,61.108898
2007/8/14,60.632198
2007/8/15,58.1535
2007/8/16,59.678902
2007/8/17,59.7742
2007/8/20,59.106899
2007/8/21,58.916199
2007/8/22,59.488201
2007/8/23,58.8209
2007/8/24,59.106899
2007/8/27,59.106899
2007/8/28,58.916199
2007/8/29,59.5835
2007/8/30,60.155499
2007/8/31,62.348202
2007/9/3,62.634201
2007/9/4,61.585499
2007/9/5,62.538898
2007/9/6,63.110901
2007/9/7,63.2062
2007/9/10,64.350197
2007/9/11,62.9296
2007/9/12,63.492199
2007/9/13,63.778198
2007/9/14,64.922203
2007/9/17,65.303596
2007/9/19,65.1129
2007/9/20,67.686897
2007/9/21,66.352203
2007/9/26,65.780197
2007/9/27,65.1129
2007/9/28,65.303596
2007/9/29,64.826897
2007/10/1,65.780197
2007/10/2,65.1129
2007/10/3,65.303596
2007/10/4,67.877602
2007/10/5,70.067902
2007/10/8,71.118896
2007/10/9,69.402901
2007/10/11,68.136803
2007/10/12,67.848099
2007/10/15,68.040497
2007/10/16,69.772797
2007/10/17,65.442101
2007/10/18,61.400101
2007/10/19,62.8437
2007/10/22,61.400101
2007/10/23,61.785
2007/10/24,62.651199
2007/10/25,63.421101
2007/10/26,61.111401
2007/10/29,62.555
2007/10/30,62.939899
2007/10/31,60.630199
2007/11/1,56.395699
2007/11/2,56.2994
2007/11/5,60.148998
2007/11/6,59.4753
2007/11/7,60.245201
2007/11/8,62.939899
2007/11/9,62.362499
2007/11/12,61.2076
2007/11/13,56.973099
2007/11/14,53.027401
2007/11/15,54.952099
2007/11/16,55.722
2007/11/19,54.374699
2007/11/20,53.316101
2007/11/21,56.2994
2007/11/22,57.646801
2007/11/23,58.416698
2007/11/26,57.358101
2007/11/27,56.8769
2007/11/28,56.395699
2007/11/29,55.914501
2007/11/30,55.1446
2007/12/3,54.8559
2007/12/4,54.8559
2007/12/5,54.182201
2007/12/6,54.182201
2007/12/7,54.374699
2007/12/10,54.663399
2007/12/11,55.722
2007/12/12,55.337101
2007/12/13,55.048401
2007/12/14,57.261799
2007/12/17,58.994099
2007/12/18,61.015099
2007/12/19,59.667801
2007/12/20,60.341499
2007/12/21,59.1866
2007/12/24,59.379101
2007/12/25,57.358101
2007/12/26,57.069401
2007/12/27,59.1866
2007/12/28,60.533901
2007/12/31,64.479698
2008/1/2,66.404503
2008/1/3,64.672203
2008/1/4,68.425499
2008/1/7,67.366898
2008/1/8,69.676598
2008/1/9,70.446503
2008/1/10,75.162201
2008/1/11,73.718597
2008/1/14,73.429901
2008/1/15,71.697601
2008/1/16,68.521698
2008/1/17,69.291603
2008/1/18,68.329201
2008/1/21,69.387901
2008/1/22,67.366898
2008/1/23,65.923302
2008/1/24,62.8437
2008/1/25,63.902302
2008/1/28,67.366898
2008/1/29,66.019501
2008/1/30,63.998501
2008/1/31,64.191002
2008/2/1,61.592602
2008/2/12,61.111401
2008/2/13,60.726398
2008/2/14,60.148998
2008/2/15,61.592602
2008/2/18,62.266201
2008/2/19,59.764
2008/2/20,63.902302
2008/2/21,65.442101
2008/2/22,63.998501
2008/2/25,64.575996
2008/2/26,64.094803
2008/2/27,64.8647
2008/2/29,63.902302
2008/3/3,62.266201
2008/3/4,63.709801
2008/3/5,62.266201
2008/3/6,58.705399
2008/3/7,59.1866
2008/3/10,56.2994
2008/3/11,56.2994
2008/3/12,57.743
2008/3/13,56.106998
2008/3/14,56.2994
2008/3/17,58.705399
2008/3/18,58.994099
2008/3/19,59.1866
2008/3/20,59.956501
2008/3/21,60.245201
2008/3/24,61.111401
2008/3/25,59.1866
2008/3/26,57.839298
2008/3/27,57.935501
2008/3/28,53.893501
2008/3/31,51.68
2008/4/1,51.295101
2008/4/2,50.5252
2008/4/3,51.68
2008/4/7,50.428902
2008/4/8,51.68
2008/4/9,48.7929
2008/4/10,49.177799
2008/4/11,50.043999
2008/4/14,50.236401
2008/4/15,46.868099
2008/4/16,47.638
2008/4/17,49.659
2008/4/18,50.5252
2008/4/21,48.119202
2008/4/22,48.119202
2008/4/23,47.638
2008/4/24,47.589901
2008/4/25,48.215401
2008/4/28,46.290699
2008/4/29,47.204899
2008/4/30,50.236401
2008/5/2,50.428902
2008/5/5,51.295101
2008/5/6,52.931099
2008/5/7,52.064999
2008/5/8,53.027401
2008/5/9,52.449902
2008/5/12,53.4123
2008/5/13,53.4123
2008/5/14,56.684399
2008/5/15,55.529499
2008/5/16,53.604801
2008/5/19,53.893501
2008/5/20,53.219799
2008/5/21,55.529499
2008/5/22,54.5672
2008/5/23,52.642399
2008/5/26,53.027401
2008/5/27,53.797199
2008/5/28,52.449902
2008/5/29,52.449902
2008/5/30,50.717602
2008/6/2,50.236401
2008/6/3,50.140202
2008/6/4,50.5252
2008/6/5,51.487499
2008/6/6,53.1236
2008/6/9,53.893501
2008/6/10,53.701
2008/6/11,51.9687
2008/6/12,51.776199
2008/6/13,52.353699
2008/6/16,52.931099
2008/6/17,55.240799
2008/6/18,55.4333
2008/6/19,56.491901
2008/6/20,56.0107
2008/6/23,56.2994
2008/6/24,58.705399
2008/6/25,59.282799
2008/6/26,58.705399
2008/6/27,59.667801
2008/6/30,62.073799
2008/7/1,63.613602
2008/7/2,62.555
2008/7/3,63.2286
2008/7/4,62.555
2008/7/7,61.111401
2008/7/8,62.555
2008/7/9,63.132401
2008/7/10,63.5173
2008/7/11,62.362499
2008/7/14,63.5173
2008/7/15,65.345901
2008/7/16,64.8647
2008/7/17,66.404503
2008/7/18,66.404503
2008/7/21,64.960899
2008/7/22,64.8647
2008/7/23,64.8647
2008/7/24,66.308197
2008/7/25,65.5383
2008/7/29,65.634598
2008/7/30,66.308197
2008/7/31,67.559303
2008/8/1,65.153397
2008/8/4,63.2286
2008/8/5,61.785
2008/8/6,62.555
2008/8/7,62.362499
2008/8/8,62.747398
2008/8/11,63.5173
2008/8/12,61.977501
2008/8/13,60.726398
2008/8/14,61.881302
2008/8/15,60.726398
2008/8/18,61.015099
2008/8/19,62.555
2008/8/20,63.421101
2008/8/21,62.651199
2008/8/22,60.630199
2008/8/25,60.726398
2008/8/26,59.090401
2008/8/27,60.726398
2008/8/28,61.2076
2008/8/29,60.726398
2008/9/1,60.437698
2008/9/2,60.148998
2008/9/3,58.705399
2008/9/4,57.743
2008/9/5,57.358101
2008/9/8,60.533901
2008/9/9,60.148998
2008/9/10,58.224201
2008/9/11,57.550499
2008/9/12,57.550499
2008/9/15,55.625801
2008/9/16,56.780602
2008/9/17,55.048401
2008/9/18,56.780602
2008/9/19,55.240799
2008/9/22,56.8769
2008/9/23,56.395699
2008/9/24,57.935501
2008/9/25,54.115799
2008/9/26,52.748299
2008/9/30,54.018101
2008/10/1,56.850899
2008/10/2,56.069401
2008/10/3,58.902199
2008/10/6,57.632401
2008/10/7,59.683701
2008/10/8,60.074402
2008/10/9,59.683701
2008/10/13,59.683701
2008/10/14,59.683701
2008/10/15,62.028
2008/10/16,61.832699
2008/10/17,60.562801
2008/10/20,60.562801
2008/10/21,59.195301
2008/10/22,61.832699
2008/10/23,62.516399
2008/10/24,62.809502
2008/10/27,64.860802
2008/10/28,65.251503
2008/10/29,64.567802
2008/10/30,65.1539
2008/10/31,63.200199
2008/11/3,61.246601
2008/11/4,59.9767
2008/11/5,61.735001
2008/11/6,60.562801
2008/11/7,60.953499
2008/11/10,60.465099
2008/11/11,60.3675
2008/11/12,62.9072
2008/11/13,63.297901
2008/11/14,62.028
2008/11/17,57.73
2008/11/18,53.725101
2008/11/19,54.018101
2008/11/20,55.1903
2008/11/21,56.167099
2008/11/24,60.074402
2008/11/25,57.632401
2008/11/26,55.971802
2008/11/27,54.897301
2008/11/28,54.311199
2008/12/1,50.5993
2008/12/2,51.7714
2008/12/3,51.283001
2008/12/4,51.673801
2008/12/5,55.287998
2008/12/8,57.632401
2008/12/9,58.511501
2008/12/10,56.655499
2008/12/11,56.753201
2008/12/12,53.8228
2008/12/15,53.8228
2008/12/16,51.966801
2008/12/17,51.966801
2008/12/18,51.7714
2008/12/19,52.357498
2008/12/22,49.036301
2008/12/23,49.231701
2008/12/24,46.887299
2008/12/25,46.936199
2008/12/26,45.5686
2008/12/29,48.743301
2008/12/30,48.596802
2008/12/31,46.936199
2009/1/5,45.9105
2009/1/6,45.471001
2009/1/7,46.496601
2009/1/8,44.884899
2009/1/9,43.321899
2009/1/10,41.807899
2009/1/12,38.9263
2009/1/13,39.317001
2009/1/14,39.4147
2009/1/15,42.149799
2009/1/16,41.954399
2009/1/17,44.884899
2009/1/19,46.594299
2009/1/20,47.6688
2009/1/21,44.933701
2009/2/2,48.059502
2009/2/3,48.059502
2009/2/4,45.177898
2009/2/5,45.9105
2009/2/6,45.9105
2009/2/9,45.812801
2009/2/10,42.980099
2009/2/11,41.710201
2009/2/12,41.710201
2009/2/13,38.828602
2009/2/16,40.049599
2009/2/17,40.049599
2009/2/18,40.489201
2009/2/19,40.489201
2009/2/20,42.003201
2009/2/23,41.221802
2009/2/24,42.003201
2009/2/25,41.612499
2009/2/26,41.612499
2009/2/27,41.026402
2009/3/2,40.733398
2009/3/3,43.1754
2009/3/4,42.735901
2009/3/5,44.835999
2009/3/6,43.956902
2009/3/9,42.003201
2009/3/10,43.0289
2009/3/11,43.0289
2009/3/12,42.980099
2009/3/13,42.540501
2009/3/16,42.394001
2009/3/17,41.026402
2009/3/18,40.733398
2009/3/19,40.489201
2009/3/20,40.244999
2009/3/23,40.147301
2009/3/24,39.854198
2009/3/25,41.270599
2009/3/26,41.612499
2009/3/27,41.612499
2009/3/30,42.980099
2009/3/31,42.882401
2009/4/1,44.298801
2009/4/2,41.221802
2009/4/3,38.779701
2009/4/6,39.756599
2009/4/7,40.6357
2009/4/8,40.049599
2009/4/9,38.7309
2009/4/10,39.463501
2009/4/13,40.8311
2009/4/14,40.2938
2009/4/15,40.7822
2009/4/16,40.9776
2009/4/17,41.807899
2009/4/20,41.856701
2009/4/21,42.003201
2009/4/22,42.247501
2009/4/23,44.445301
2009/4/24,44.835999
2009/4/27,45.0802
2009/4/28,45.129101
2009/4/29,48.059502
2009/4/30,45.764
2009/5/4,42.882401
2009/5/5,44.445301
2009/5/6,45.4221
2009/5/7,43.761501
2009/5/8,44.445301
2009/5/11,43.956902
2009/5/12,44.201099
2009/5/13,45.861698
2009/5/14,45.324402
2009/5/15,43.956902
2009/5/18,43.810398
2009/5/19,44.152199
2009/5/20,46.692001
2009/5/21,46.496601
2009/5/22,46.056999
2009/5/25,46.3013
2009/5/26,45.4221
2009/5/27,45.6175
2009/6/1,46.936199
2009/6/2,47.180401
2009/6/3,47.278099
2009/6/4,47.4734
2009/6/5,48.841
2009/6/6,47.375801
2009/6/8,48.841
2009/6/9,49.133999
2009/6/10,49.817799
2009/6/11,49.817799
2009/6/12,49.817799
2009/6/15,48.841
2009/6/16,49.817799
2009/6/17,54.213501
2009/6/18,53.431999
2009/6/19,53.725101
2009/6/22,54.311199
2009/6/23,54.5065
2009/6/24,57.827702
2009/6/25,58.316101
2009/6/26,58.218399
2009/6/29,57.534698
2009/6/30,57.2416
2009/7/1,60.269798
2009/7/2,57.2416
2009/7/3,58.511501
2009/7/6,58.1208
2009/7/7,59.390598
2009/7/8,58.902199
2009/7/9,60.074402
2009/7/10,59.097599
2009/7/13,57.9254
2009/7/14,57.827702
2009/7/15,61.832699
2009/7/16,66.130699
2009/7/17,63.297901
2009/7/20,63.395599
2009/7/21,61.5396
2009/7/22,60.953499
2009/7/23,60.269798
2009/7/24,56.264801
2009/7/27,55.678699
2009/7/28,57.143902
2009/7/29,57.2416
2009/7/30,57.827702
2009/7/31,59.097599
2009/8/3,58.1208
2009/8/4,58.1208
2009/8/5,57.339298
2009/8/6,55.971802
2009/8/10,56.5578
2009/8/11,57.437
2009/8/12,58.902199
2009/8/13,59.390598
2009/8/14,61.148899
2009/8/17,58.902199
2009/8/18,58.316101
2009/8/19,57.339298
2009/8/20,56.948601
2009/8/21,57.534698
2009/8/24,57.046299
2009/8/25,56.753201
2009/8/26,56.655499
2009/8/27,56.948601
2009/8/28,56.753201
2009/8/31,56.655499
2009/9/1,56.753201
2009/9/2,56.069401
2009/9/3,55.092602
2009/9/4,56.850899
2009/9/7,56.264801
2009/9/8,56.069401
2009/9/9,55.678699
2009/9/10,55.776402
2009/9/11,55.776402
2009/9/14,58.316101
2009/9/15,59.390598
2009/9/16,58.804501
2009/9/17,60.269798
2009/9/18,58.804501
2009/9/21,59.781399
2009/9/22,61.5396
2009/9/23,61.5396
2009/9/24,61.246601
2009/9/25,63.591
2009/9/28,67.400597
2009/9/29,69.842598
2009/9/30,67.087997
2009/10/1,65.706703
2009/10/2,66.199997
2009/10/5,66.594704
2009/10/6,67.877197
2009/10/7,69.061096
2009/10/8,70.541
2009/10/9,69.061096
2009/10/12,67.679901
2009/10/13,68.271896
2009/10/14,65.706703
2009/10/15,66.101402
2009/10/16,65.904099
2009/10/19,67.679901
2009/10/20,67.679901
2009/10/21,67.482597
2009/10/22,67.482597
2009/10/23,68.271896
2009/10/26,69.061096
2009/10/27,70.1464
2009/10/28,69.061096
2009/10/29,67.581299
2009/10/30,67.087997
2009/11/2,67.087997
2009/11/3,67.975899
2009/11/4,69.061096
2009/11/5,70.047699
2009/11/6,70.541
2009/11/9,69.850403
2009/11/10,72.316902
2009/11/11,73.994102
2009/11/12,73.599403
2009/11/13,75.473999
2009/11/16,76.953796
2009/11/17,78.8284
2009/11/18,78.236397
2009/11/19,79.420303
2009/11/20,78.433701
2009/11/23,80.308197
2009/11/24,77.940399
2009/11/25,75.9673
2009/11/26,78.532402
2009/11/27,78.927002
2009/11/30,80.012299
2009/12/1,78.927002
2009/12/2,79.814903
2009/12/3,79.025703
2009/12/4,79.321701
2009/12/7,78.8284
2009/12/8,78.335098
2009/12/9,75.769897
2009/12/10,79.321701
2009/12/11,80.9002
2009/12/14,80.998802
2009/12/15,78.137703
2009/12/16,77.940399
2009/12/17,78.729698
2009/12/18,80.9002
2009/12/21,80.702904
2009/12/22,81.097504
2009/12/23,80.9002
2009/12/24,79.518997
2009/12/25,80.604202
2009/12/28,80.801498
2009/12/29,80.604202
2009/12/30,83.860001
2009/12/31,82.5774
2010/1/4,81.788101
2010/1/5,81.393501
2010/1/6,82.1828
2010/1/7,82.380096
2010/1/8,81.393501
2010/1/11,78.729698
2010/1/12,75.276604
2010/1/13,76.953796
2010/1/14,75.9673
2010/1/15,76.164597
2010/1/18,77.052498
2010/1/19,76.7565
2010/1/20,77.348503
2010/1/21,75.375298
2010/1/22,75.9673
2010/1/25,77.249802
2010/1/26,80.998802
2010/1/27,80.998802
2010/1/28,81.2948
2010/1/29,81.886803
2010/2/1,81.886803
2010/2/2,81.886803
2010/2/3,80.012299
2010/2/4,79.420303
2010/2/5,80.012299
2010/2/6,81.2948
2010/2/8,80.406898
2010/2/9,78.433701
2010/2/10,79.025703
2010/2/22,81.492104
2010/2/23,81.2948
2010/2/24,80.9002
2010/2/25,81.097504
2010/2/26,82.380096
2010/3/1,83.662598
2010/3/2,83.860001
2010/3/3,83.761299
2010/3/4,85.0439
2010/3/5,86.129097
2010/3/8,85.635803
2010/3/9,83.267998
2010/3/10,85.537201
2010/3/11,85.734497
2010/3/12,89.582199
2010/3/15,89.779503
2010/3/16,90.8647
2010/3/17,93.7258
2010/3/18,93.429901
2010/3/19,92.640602
2010/3/22,92.837898
2010/3/23,94.219101
2010/3/24,94.909698
2010/3/25,97.474899
2010/3/26,98.658798
2010/3/29,98.658798
2010/3/30,95.698997
2010/3/31,97.376198
2010/4/1,96.6856
2010/4/2,96.6856
2010/4/6,96.291
2010/4/7,100.632004
2010/4/8,101.619003
2010/4/9,100.139
2010/4/12,99.645401
2010/4/13,97.178902
2010/4/14,95.205704
2010/4/15,90.174103
2010/4/16,92.739304
2010/4/19,89.1875
2010/4/20,91.752701
2010/4/21,91.653999
2010/4/22,88.496902
2010/4/23,87.5103
2010/4/26,87.904999
2010/4/27,93.7258
2010/4/28,92.048599
2010/4/29,85.635803
2010/4/30,83.564003
2010/5/3,84.846497
2010/5/4,86.227798
2010/5/5,89.384804
2010/5/6,93.232498
2010/5/7,90.272797
2010/5/10,88.990196
2010/5/11,88.7929
2010/5/12,89.286201
2010/5/13,89.976799
2010/5/14,89.483498
2010/5/17,90.0755
2010/5/18,93.7258
2010/5/19,96.192299
2010/5/20,95.403
2010/5/21,94.712402
2010/5/24,95.698997
2010/5/25,95.698997
2010/5/26,93.7258
2010/5/27,93.7258
2010/5/28,95.0084
2010/5/31,96.291
2010/6/1,98.165497
2010/6/2,97.277496
2010/6/3,96.981598
2010/6/4,93.7258
2010/6/7,93.232498
2010/6/8,93.232498
2010/6/9,92.9366
2010/6/10,94.120499
2010/6/11,92.541901
2010/6/14,92.245903
2010/6/15,91.259399
2010/6/17,90.272797
2010/6/18,88.595596
2010/6/21,88.200996
2010/6/22,87.609001
2010/6/23,89.976799
2010/6/24,88.299599
2010/6/25,88.200996
2010/6/28,88.003601
2010/6/29,87.313004
2010/6/30,85.0439
2010/7/1,84.353203
2010/7/2,89.976799
2010/7/5,89.779503
2010/7/6,89.286201
2010/7/7,90.272797
2010/7/8,90.174103
2010/7/9,87.806297
2010/7/12,86.622398
2010/7/13,85.0439
2010/7/14,85.0439
2010/7/15,84.846497
2010/7/16,80.9002
2010/7/19,80.209602
2010/7/20,83.267998
2010/7/21,80.702904
2010/7/22,78.532402
2010/7/23,77.545799
2010/7/26,80.801498
2010/7/27,79.716301
2010/7/28,74.191399
2010/7/29,74.980698
2010/7/30,75.473999
2010/8/2,76.657898
2010/8/3,73.500801
2010/8/4,74.191399
2010/8/5,72.514198
2010/8/6,75.473999
2010/8/9,74.2901
2010/8/10,79.420303
2010/8/11,79.025703
2010/8/12,77.644501
2010/8/13,74.191399
2010/8/16,78.039101
2010/8/17,78.433701
2010/8/18,76.460503
2010/8/19,77.249802
2010/8/20,76.657898
2010/8/23,75.769897
2010/8/24,78.137703
2010/8/25,78.8284
2010/8/26,78.729698
2010/8/27,77.644501
2010/8/30,76.953796
2010/8/31,79.223
2010/9/1,79.518997
2010/9/2,80.998802
2010/9/3,80.012299
2010/9/6,78.927002
2010/9/7,77.545799
2010/9/8,77.447098
2010/9/9,74.191399
2010/9/10,74.388702
2010/9/13,74.388702
2010/9/14,74.2901
2010/9/15,76.460503
2010/9/16,77.644501
2010/9/17,78.335098
2010/9/20,79.913597
2010/9/21,78.630997
2010/9/23,77.151199
2010/9/24,81.886803
2010/9/27,81.886803
2010/9/28,83.465302
2010/9/29,79.499702
2010/9/30,79.894798
2010/10/1,80.7836
2010/10/4,79.005997
2010/10/5,81.277397
2010/10/6,81.376099
2010/10/7,82.363701
2010/10/8,84.931396
2010/10/11,85.425201
2010/10/12,84.733902
2010/10/13,86.709
2010/10/14,87.894096
2010/10/15,86.511497
2010/10/18,84.141296
2010/10/19,85.326401
2010/10/20,86.0177
2010/10/21,85.918999
2010/10/22,82.363701
2010/10/25,81.771202
2010/10/26,82.758698
2010/10/27,81.968697
2010/10/28,84.338898
2010/10/29,84.042603
2010/11/1,83.252502
2010/11/2,81.277397
2010/11/3,80.7836
2010/11/4,79.401001
2010/11/5,76.043198
2010/11/8,74.0681
2010/11/9,73.574303
2010/11/10,74.0681
2010/11/11,74.166801
2010/11/12,75.648201
2010/11/15,75.351898
2010/11/16,77.8209
2010/11/17,79.005997
2010/11/18,79.9935
2010/11/19,79.795998
2010/11/22,79.401001
2010/11/23,77.919601
2010/11/24,79.894798
2010/11/25,80.981102
2010/11/26,81.079803
2010/11/29,80.0923
2010/11/30,79.9935
2010/12/1,80.981102
2010/12/2,80.882301
2010/12/3,78.610901
2010/12/6,76.537003
2010/12/7,75.351898
2010/12/8,75.351898
2010/12/9,76.635803
2010/12/10,78.413399
2010/12/13,78.314697
2010/12/14,78.512199
2010/12/15,77.919601
2010/12/16,79.203499
2010/12/17,78.709702
2010/12/20,76.734497
2010/12/21,78.018402
2010/12/22,77.228302
2010/12/23,77.129601
2010/12/24,78.117104
2010/12/27,77.722099
2010/12/28,77.722099
2010/12/29,77.425797
2010/12/30,79.499702
2010/12/31,81.968697
2011/1/3,81.968697
2011/1/4,86.0177
2011/1/5,86.610298
2011/1/6,85.918999
2011/1/7,85.227699
2011/1/10,87.795403
2011/1/11,91.745697
2011/1/12,90.264297
2011/1/13,89.869301
2011/1/14,89.968002
2011/1/17,90.856796
2011/1/18,88.190399
2011/1/19,86.8078
2011/1/20,89.178001
2011/1/21,88.289101
2011/1/24,87.400299
2011/1/25,88.387901
2011/1/26,90.758102
2011/1/27,88.782898
2011/1/28,87.4991
2011/2/8,87.795403
2011/2/9,89.474197
2011/2/10,88.684196
2011/2/11,88.486702
2011/2/14,89.869301
2011/2/15,92.832001
2011/2/16,91.646896
2011/2/17,88.881699
2011/2/18,91.2519
2011/2/21,92.832001
2011/2/22,93.819603
2011/2/23,94.609596
2011/2/24,94.807098
2011/2/25,96.880997
2011/3/1,95.893501
2011/3/2,94.313301
2011/3/3,94.412102
2011/3/4,95.004601
2011/3/7,94.510902
2011/3/8,91.449402
2011/3/9,89.079201
2011/3/10,89.869301
2011/3/11,89.869301
2011/3/14,90.955597
2011/3/15,91.745697
2011/3/16,91.548103
2011/3/17,90.659302
2011/3/18,89.671799
2011/3/21,89.968002
2011/3/22,89.869301
2011/3/23,88.980499
2011/3/24,88.881699
2011/3/25,87.696602
2011/3/28,83.943802
2011/3/29,80.586098
2011/3/30,81.771202
2011/3/31,83.055
2011/4/1,83.449997
2011/4/6,83.449997
2011/4/7,84.141296
2011/4/8,83.7463
2011/4/11,80.882301
2011/4/12,80.882301
2011/4/13,81.771202
2011/4/14,80.684799
2011/4/15,80.0923
2011/4/18,79.401001
2011/4/19,79.598503
2011/4/20,80.289803
2011/4/21,79.104698
2011/4/22,78.314697
2011/4/25,75.746902
2011/4/26,74.561897
2011/4/27,72.191704
2011/4/28,72.784203
2011/4/29,75.450699
2011/5/3,74.759399
2011/5/4,75.944504
2011/5/5,75.648201
2011/5/6,74.956902
2011/5/9,72.784203
2011/5/10,71.105301
2011/5/11,69.624001
2011/5/12,70.3153
2011/5/13,70.907799
2011/5/16,72.389198
2011/5/17,71.895401
2011/5/18,74.265602
2011/5/19,73.574303
2011/5/20,72.389198
2011/5/23,72.290398
2011/5/24,72.883003
2011/5/25,72.191704
2011/5/26,70.3153
2011/5/27,69.130203
2011/5/30,66.167503
2011/5/31,67.3526
2011/6/1,66.068703
2011/6/2,68.537697
2011/6/3,68.340103
2011/6/7,67.3526
2011/6/8,70.611603
2011/6/9,72.5867
2011/6/10,71.895401
2011/6/13,66.957497
2011/6/14,62.315899
2011/6/15,59.945801
2011/6/16,59.254501
2011/6/17,56.390499
2011/6/20,54.6129
2011/6/21,56.193001
2011/6/22,57.378101
2011/6/23,55.995499
2011/6/24,56.0942
2011/6/27,55.6992
2011/6/28,55.402901
2011/6/29,54.514099
2011/6/30,52.3414
2011/7/1,51.847599
2011/7/4,48.2924
2011/7/5,48.884899
2011/7/6,50.465
2011/7/7,48.884899
2011/7/8,49.3787
2011/7/11,50.366299
2011/7/12,50.366299
2011/7/13,52.933998
2011/7/14,53.723999
2011/7/15,53.1315
2011/7/18,52.835201
2011/7/19,52.835201
2011/7/20,53.526501
2011/7/21,52.933998
2011/7/22,52.835201
2011/7/25,52.143902
2011/7/26,52.637699
2011/7/27,53.427799
2011/7/28,53.328999
2011/7/29,53.230301
2011/8/1,53.230301
2011/8/2,52.835201
2011/8/3,52.3414
2011/8/4,52.0452
2011/8/5,52.242699
2011/8/8,55.205399
2011/8/9,55.205399
2011/8/10,55.995499
2011/8/11,55.402901
2011/8/12,55.106701
2011/8/15,51.2551
2011/8/16,50.07
2011/8/17,51.1563
2011/8/18,50.267502
2011/8/19,50.465
2011/8/22,50.07
2011/8/23,49.7738
2011/8/24,50.267502
2011/8/25,50.662601
2011/8/26,49.576199
2011/8/29,47.749199
2011/8/30,45.724701
2011/8/31,46.712299
2011/9/1,47.354198
2011/9/2,47.2061
2011/9/5,47.354198
2011/9/6,46.7616
2011/9/7,46.465401
2011/9/8,48.489899
2011/9/9,49.3787
2011/9/13,49.230598
2011/9/14,49.477501
2011/9/15,49.477501
2011/9/16,45.428398
2011/9/19,44.342098
2011/9/20,44.1446
2011/9/21,43.255798
2011/9/22,41.379398
2011/9/23,41.033699
2011/9/26,40.539902
2011/9/27,40.490601
2011/9/28,39.058601
2011/9/29,38.861
2011/9/30,39.404202
2011/10/3,40.836201
2011/10/4,41.033699
2011/10/5,39.107899
2011/10/6,39.7005
2011/10/7,39.453602
2011/10/11,39.552299
2011/10/12,39.453602
2011/10/13,39.6017
2011/10/14,39.502998
2011/10/17,37.280899
2011/10/18,36.836498
2011/10/19,34.268799
2011/10/20,33.083698
2011/10/21,32.441799
2011/10/24,33.083698
2011/10/25,31.948
2011/10/26,32.096199
2011/10/27,34.071301
2011/10/28,33.231899
2011/10/31,32.343102
2011/11/1,30.5161
2011/11/2,29.5285
2011/11/3,30.9111
2011/11/4,32.096199
2011/11/7,31.158001
2011/11/8,28.9853
2011/11/9,28.491501
2011/11/10,30.4667
2011/11/11,32.392399
2011/11/14,34.565102
2011/11/15,33.380001
2011/11/16,34.268799
2011/11/17,32.639301
2011/11/18,32.441799
2011/11/21,32.5406
2011/11/22,34.812
2011/11/23,36.639
2011/11/24,35.256401
2011/11/25,33.528099
2011/11/28,34.367599
2011/11/29,35.305801
2011/11/30,33.577499
2011/12/1,33.380001
2011/12/2,33.133099
2011/12/5,33.775002
2011/12/6,34.417
2011/12/7,33.330601
2011/12/8,35.651402
2011/12/9,36.046501
2011/12/12,36.935299
2011/12/13,37.231499
2011/12/14,35.404499
2011/12/15,33.577499
2011/12/16,33.231899
2011/12/19,33.577499
2011/12/20,33.330601
2011/12/21,34.960098
2011/12/22,34.565102
2011/12/23,34.466301
2011/12/26,34.663898
2011/12/27,35.256401
2011/12/28,34.515701
2011/12/29,34.960098
2011/12/30,35.799599
2012/1/2,35.355202
2012/1/3,34.960098
2012/1/4,35.1576
2012/1/5,35.207001
2012/1/6,34.7132
2012/1/9,34.960098
2012/1/10,34.268799
2012/1/11,34.268799
2012/1/12,34.0219
2012/1/13,33.083698
2012/1/16,34.170101
2012/1/17,36.540199
2012/1/18,36.392101
2012/1/30,35.947701
2012/1/31,34.268799
2012/2/1,34.318199
2012/2/2,34.466301
2012/2/3,34.367599
2012/2/4,34.268799
2012/2/6,34.7132
2012/2/7,33.775002
2012/2/8,31.454201
2012/2/9,30.367901
2012/2/10,29.6766
2012/2/13,30.219801
2012/2/14,32.194901
2012/2/15,32.293701
2012/2/16,32.985001
2012/2/17,33.083698
2012/2/20,34.663898
2012/2/21,34.120701
2012/2/22,34.219501
2012/2/23,33.083698
2012/2/24,33.824402
2012/2/29,34.466301
2012/3/1,33.923199
2012/3/2,33.775002
2012/3/3,33.478802
2012/3/5,33.528099
2012/3/6,33.231899
2012/3/7,32.688702
2012/3/8,31.8986
2012/3/9,31.9974
2012/3/12,34.071301
2012/3/13,33.873798
2012/3/14,34.565102
2012/3/15,34.120701
2012/3/16,33.972599
2012/3/19,34.170101
2012/3/20,34.466301
2012/3/21,34.663898
2012/3/22,33.873798
2012/3/23,34.565102
2012/3/26,35.750198
2012/3/27,37.330299
2012/3/28,37.330299
2012/3/29,38.861
2012/3/30,38.1698
2012/4/2,37.8241
2012/4/3,37.527802
2012/4/5,36.836498
2012/4/6,36.145199
2012/4/9,37.8241
2012/4/10,37.3797
2012/4/11,38.663502
2012/4/12,40.836201
2012/4/13,40.539902
2012/4/16,42.465698
2012/4/17,42.811401
2012/4/18,40.490601
2012/4/19,41.8731
2012/4/20,42.762001
2012/4/23,42.366901
2012/4/24,42.366901
2012/4/25,42.465698
2012/4/26,42.515099
2012/4/27,43.7495
2012/4/30,43.897701
2012/5/2,44.342098
2012/5/3,44.243301
2012/5/4,42.959499
2012/5/7,42.6138
2012/5/8,42.6138
2012/5/9,42.959499
2012/5/10,44.4408
2012/5/11,43.7495
2012/5/14,44.194
2012/5/15,42.5644
2012/5/16,42.2682
2012/5/17,41.774399
2012/5/18,41.8731
2012/5/21,42.762001
2012/5/22,41.675598
2012/5/23,42.465698
2012/5/24,43.058201
2012/5/25,42.860699
2012/5/28,42.416302
2012/5/29,41.724998
2012/5/30,40.638699
2012/5/31,40.144901
2012/6/1,40.638699
2012/6/4,41.231201
2012/6/5,40.3424
2012/6/6,40.490601
2012/6/7,40.490601
2012/6/8,38.811699
2012/6/11,38.663502
2012/6/12,38.762299
2012/6/13,38.268501
2012/6/14,37.7747
2012/6/15,38.762299
2012/6/18,38.614201
2012/6/19,38.120399
2012/6/20,37.626598
2012/6/21,37.527802
2012/6/22,38.614201
2012/6/25,37.527802
2012/6/26,36.095798
2012/6/27,35.750198
2012/6/28,35.453899
2012/6/29,34.910801
2012/7/2,33.873798
2012/7/3,32.787498
2012/7/4,33.478802
2012/7/5,33.034401
2012/7/6,33.429401
2012/7/9,33.083698
2012/7/10,34.565102
2012/7/11,34.367599
2012/7/12,34.910801
2012/7/13,33.528099
2012/7/16,33.6269
2012/7/17,32.8862
2012/7/18,31.7999
2012/7/19,31.6024
2012/7/20,31.701099
2012/7/23,30.960501
2012/7/24,30.318501
2012/7/25,31.7505
2012/7/26,29.9235
2012/7/27,30.219801
2012/7/30,30.417299
2012/7/31,29.281601
2012/8/1,29.1334
2012/8/3,29.1334
2012/8/6,29.627199
2012/8/7,30.8617
2012/8/8,31.108601
2012/8/9,30.170401
2012/8/10,29.6766
2012/8/13,29.0347
2012/8/14,31.0592
2012/8/15,30.614799
2012/8/16,29.9729
2012/8/17,29.232201
2012/8/20,29.9235
2012/8/21,30.318501
2012/8/22,30.121
2012/8/23,30.5161
2012/8/24,30.5161
2012/8/27,31.701099
2012/8/28,32.293701
2012/8/29,32.096199
2012/8/30,32.244301
2012/8/31,31.8986
2012/9/3,31.6024
2012/9/4,30.121
2012/9/5,30.022301
2012/9/6,29.9235
2012/9/7,30.417299
2012/9/10,30.5161
2012/9/11,30.762899
2012/9/12,30.417299
2012/9/13,30.219801
2012/9/14,30.0716
2012/9/17,29.726
2012/9/18,29.479099
2012/9/19,29.9235
2012/9/20,29.429701
2012/9/21,28.540899
2012/9/24,27.6521
2012/9/25,27.8496
2012/9/26,27.1583
2012/9/27,27.257
2012/9/28,26.664499
2012/10/1,26.269501
2012/10/2,25.6276
2012/10/3,25.133801
2012/10/4,25.8745
2012/10/5,26.0226
2012/10/8,25.578199
2012/10/9,27.257
2012/10/11,26.7139
2012/10/12,26.7139
2012/10/15,25.9238
2012/10/16,25.726299
2012/10/17,25.676901
2012/10/18,25.7757
2012/10/19,26.318899
2012/10/22,26.417601
2012/10/23,26.1213
2012/10/24,26.1707
2012/10/25,27.207701
2012/10/26,27.405199
2012/10/29,27.1583
2012/10/30,26.466999
2012/10/31,25.7757
2012/11/1,25.9238
2012/11/2,25.7757
2012/11/5,26.269501
2012/11/6,26.1213
2012/11/7,25.7757
2012/11/8,25.9732
2012/11/9,25.8251
2012/11/12,26.1213
2012/11/13,26.072001
2012/11/14,26.072001
2012/11/15,25.7757
2012/11/16,25.7757
2012/11/19,25.8745
2012/11/20,25.8745
2012/11/21,26.318899
2012/11/22,26.615101
2012/11/23,26.862
2012/11/26,28.442101
2012/11/27,29.726
2012/11/28,29.7754
2012/11/29,29.627199
2012/11/30,29.380301
2012/12/3,29.1334
2012/12/4,29.8741
2012/12/5,29.1828
2012/12/6,28.145901
2012/12/7,27.899
2012/12/10,28.442101
2012/12/11,28.343399
2012/12/12,28.7878
2012/12/13,28.442101
2012/12/14,27.750799
2012/12/17,27.355801
2012/12/18,27.454599
2012/12/19,27.504
2012/12/20,26.862
2012/12/21,27.1583
2012/12/22,26.318899
2012/12/24,26.9114
2012/12/25,27.8002
2012/12/26,27.553301
2012/12/27,26.862
2012/12/28,26.615101
2013/1/2,25.676901
2013/1/3,25.0844
2013/1/4,23.8993
2013/1/7,22.319201
2013/1/8,22.2204
2013/1/9,22.6154
2013/1/10,22.319201
2013/1/11,23.849899
2013/1/14,24.0474
2013/1/15,23.208
2013/1/16,23.603001
2013/1/17,23.504299
2013/1/18,23.1092
2013/1/21,24.0968
2013/1/22,23.4055
2013/1/23,23.208
2013/1/24,23.208
2013/1/25,23.0599
2013/1/28,23.603001
2013/1/29,23.4055
2013/1/30,23.257401
2013/1/31,22.566099
2013/2/1,22.6154
2013/2/4,23.3561
2013/2/5,24.541201
2013/2/6,24.2449
2013/2/18,24.738701
2013/2/19,24.4918
2013/2/20,24.9856
2013/2/21,25.0844
2013/2/22,25.578199
2013/2/23,25.8251
2013/2/25,25.380699
2013/2/26,25.133801
2013/2/27,25.2819
2013/3/1,24.2449
2013/3/4,24.8869
2013/3/5,25.133801
2013/3/6,25.133801
2013/3/7,24.639999
2013/3/8,24.8375
2013/3/11,24.541201
2013/3/12,24.1462
2013/3/13,23.9981
2013/3/14,24.442499
2013/3/15,24.6894
2013/3/18,24.6894
2013/3/19,24.9363
2013/3/20,24.8869
2013/3/21,24.788099
2013/3/22,24.788099
2013/3/25,25.0844
2013/3/26,24.8869
2013/3/27,24.393101
2013/3/28,24.442499
2013/3/29,24.195601
2013/4/1,24.393101
2013/4/2,24.590599
2013/4/3,24.195601
2013/4/8,23.9981
2013/4/9,23.652399
2013/4/10,24.0474
2013/4/11,24.541201
2013/4/12,24.393101
2013/4/15,24.2449
2013/4/16,24.2943
2013/4/17,23.701799
2013/4/18,23.7512
2013/4/19,25.380699
2013/4/22,25.528799
2013/4/23,25.726299
2013/4/24,25.43
2013/4/25,24.8869
2013/4/26,24.788099
2013/4/29,24.788099
2013/4/30,24.8375
2013/5/2,25.331301
2013/5/3,25.2325
2013/5/6,25.479401
2013/5/7,25.479401
2013/5/8,25.43
2013/5/9,25.43
2013/5/10,26.1213
2013/5/13,25.676901
2013/5/14,25.528799
2013/5/15,26.5658
2013/5/16,26.664499
2013/5/17,26.9114
2013/5/20,26.7139
2013/5/21,26.812599
2013/5/22,27.1583
2013/5/23,26.862
2013/5/24,26.1213
2013/5/27,26.417601
2013/5/28,26.1213
2013/5/29,26.5658
2013/5/30,26.269501
2013/5/31,25.7757
2013/6/3,25.8745
2013/6/4,25.9732
2013/6/5,26.269501
2013/6/6,25.9732
2013/6/7,25.578199
2013/6/10,25.726299
2013/6/11,25.43
2013/6/13,25.380699
2013/6/14,25.528799
2013/6/17,24.195601
2013/6/18,24.2449
2013/6/19,24.738701
2013/6/20,24.8375
2013/6/21,24.0474
2013/6/24,22.9611
2013/6/25,23.1586
2013/6/26,23.0599
2013/6/27,23.1586
2013/6/28,23.4055
2013/7/1,23.208
2013/7/2,23.454901
2013/7/3,23.800501
2013/7/4,23.8993
2013/7/5,23.800501
2013/7/8,23.5536
2013/7/9,23.5536
2013/7/10,23.701799
2013/7/11,23.3067
2013/7/12,23.8993
2013/7/15,23.9981
2013/7/16,24.541201
2013/7/17,24.195601
2013/7/18,23.800501
2013/7/19,23.603001
2013/7/22,23.603001
2013/7/23,23.8993
2013/7/24,23.849899
2013/7/25,24.2449
2013/7/26,24.3437
2013/7/29,24.393101
2013/7/30,24.4918
2013/7/31,24.2449
2013/8/1,23.849899
2013/8/2,24.1462
2013/8/5,24.0968
2013/8/6,24.1462
2013/8/7,24.1462
2013/8/8,23.8993
2013/8/9,23.849899
2013/8/12,23.8993
2013/8/13,23.7512
2013/8/14,23.5536
2013/8/15,23.1092
2013/8/16,23.1092
2013/8/19,22.763599
2013/8/20,22.2204
2013/8/22,21.825399
2013/8/23,21.9242
2013/8/26,22.2204
2013/8/27,22.2204
2013/8/28,21.825399
2013/8/29,21.3316
2013/8/30,21.2328
2013/9/2,20.689699
2013/9/3,20.9366
2013/9/4,21.1341
2013/9/5,21.2328
2013/9/6,22.714199
2013/9/9,22.4179
2013/9/10,22.319201
2013/9/11,21.775999
2013/9/12,22.1217
2013/9/13,22.1217
2013/9/14,22.1217
2013/9/16,22.4179
2013/9/17,23.1092
2013/9/18,22.9611
2013/9/23,22.566099
2013/9/24,22.664801
2013/9/25,22.1217
2013/9/26,22.2204
2013/9/27,21.775999
2013/9/30,21.8748
2013/10/1,22.319201
2013/10/2,22.1217
2013/10/3,22.171
2013/10/4,22.1217
2013/10/7,22.2698
2013/10/8,22.664801
2013/10/9,21.8748
2013/10/11,21.775999
2013/10/14,21.726601
2013/10/15,21.430401
2013/10/16,21.035299
2013/10/17,21.1341
2013/10/18,20.2946
2013/10/21,19.948999
2013/10/22,19.751499
2013/10/23,19.9984
2013/10/24,19.8009
2013/10/25,19.504601
2013/10/28,19.3071
2013/10/29,19.356501
2013/10/30,19.4552
2013/10/31,19.010799
2013/11/1,19.0602
2013/11/4,19.8009
2013/11/5,19.4058
2013/11/6,19.1096
2013/11/7,19.2083
2013/11/8,19.702101
2013/11/11,19.4552
2013/11/12,20.442801
2013/11/13,19.948999
2013/11/14,20.0478
2013/11/15,19.850201
2013/11/18,19.702101
2013/11/19,20.097099
2013/11/20,19.948999
2013/11/21,20.097099
2013/11/22,19.899599
2013/11/25,19.850201
2013/11/26,19.850201
2013/11/27,19.948999
2013/11/28,19.9984
2013/11/29,21.3316
2013/12/2,20.986
2013/12/3,20.2453
2013/12/4,20.097099
2013/12/5,20.2946
2013/12/6,20.0478
2013/12/9,19.9984
2013/12/10,20.1465
2013/12/11,19.899599
2013/12/12,19.554001
2013/12/13,19.702101
2013/12/16,19.6033
2013/12/17,19.2577
2013/12/18,18.763901
2013/12/19,18.961399
2013/12/20,18.8627
2013/12/23,18.763901
2013/12/24,19.2577
2013/12/25,19.158899
2013/12/26,19.2083
2013/12/27,19.0602
2013/12/30,19.2083
2013/12/31,18.961399
2014/1/2,18.9121
2014/1/3,19.010799
2014/1/6,19.1096
2014/1/7,18.961399
2014/1/8,18.7145
2014/1/9,18.122
2014/1/10,17.9245
2014/1/13,16.690001
2014/1/14,16.690001
2014/1/15,16.295
2014/1/16,15.5049
2014/1/17,15.8506
2014/1/20,15.8506
2014/1/21,15.7518
2014/1/22,15.5543
2014/1/23,14.863
2014/1/24,14.7149
2014/1/27,15.1593
2014/2/5,15.4062
2014/2/6,16.196199
2014/2/7,15.9493
2014/2/10,16.0481
2014/2/11,15.8506
2014/2/12,15.7518
2014/2/13,15.8506
2014/2/14,15.9987
2014/2/17,16.739401
2014/2/18,16.3937
2014/2/19,16.196199
2014/2/20,16.196199
2014/2/21,16.3937
2014/2/24,16.3937
2014/2/25,16.0975
2014/2/26,16.196199
2014/2/27,16.541901
2014/3/3,16.295
2014/3/4,16.4925
2014/3/5,16.8381
2014/3/6,16.887501
2014/3/7,16.887501
2014/3/10,16.788799
2014/3/11,17.825701
2014/3/12,17.628201
2014/3/13,18.3689
2014/3/14,18.3195
2014/3/17,18.072599
2014/3/18,18.072599
2014/3/19,17.825701
2014/3/20,17.5788
2014/3/21,17.7763
2014/3/24,18.3195
2014/3/25,18.2701
2014/3/26,18.3195
2014/3/27,18.3689
2014/3/28,18.2208
2014/3/31,18.1714
2014/4/1,18.8627
2014/4/2,18.9121
2014/4/3,18.763901
2014/4/7,18.023199
2014/4/8,18.023199
2014/4/9,18.072599
2014/4/10,17.825701
2014/4/11,17.875099
2014/4/14,17.726999
2014/4/15,17.084999
2014/4/16,17.677601
2014/4/17,17.628201
2014/4/18,18.072599
2014/4/21,17.875099
2014/4/22,18.072599
2014/4/23,17.875099
2014/4/24,17.7763
2014/4/25,17.677601
2014/4/28,17.9245
2014/4/29,17.825701
2014/4/30,17.9739
2014/5/2,18.1714
2014/5/5,17.9245
2014/5/6,17.825701
2014/5/7,17.825701
2014/5/8,17.825701
2014/5/9,17.726999
2014/5/12,17.628201
2014/5/13,17.7763
2014/5/14,17.7763
2014/5/15,17.7763
2014/5/16,17.677601
2014/5/19,17.677601
2014/5/20,17.7763
2014/5/21,18.023199
2014/5/22,17.875099
2014/5/23,18.122
2014/5/26,17.9739
2014/5/27,17.628201
2014/5/28,17.4307
2014/5/29,17.5788
2014/5/30,17.4307
2014/6/3,17.628201
2014/6/4,17.5788
2014/6/5,17.5788
2014/6/6,17.628201
2014/6/9,17.726999
2014/6/10,17.5294
2014/6/11,18.072599
2014/6/12,18.072599
2014/6/13,18.3195
2014/6/16,18.3689
2014/6/17,18.615801
2014/6/18,18.961399
2014/6/19,18.665199
2014/6/20,18.4676
2014/6/23,19.0602
2014/6/24,19.4058
2014/6/25,19.158899
2014/6/26,18.9121
2014/6/27,19.1096
2014/6/30,19.158899
2014/7/1,18.8627
2014/7/2,18.8627
2014/7/3,18.4676
2014/7/4,18.3689
2014/7/7,18.566401
2014/7/8,18.418301
2014/7/9,18.8627
2014/7/10,19.4058
2014/7/11,19.356501
2014/7/14,18.961399
2014/7/15,19.158899
2014/7/16,18.961399
2014/7/17,18.961399
2014/7/18,18.8627
2014/7/21,18.9121
2014/7/22,19.158899
2014/7/24,19.356501
2014/7/25,19.158899
2014/7/28,19.0602
2014/7/29,18.8627
2014/7/30,19.010799
2014/7/31,19.158899
2014/8/1,19.158899
2014/8/4,19.1096
2014/8/5,19.4058
2014/8/6,19.2083
2014/8/7,19.2577
2014/8/8,19.4552
2014/8/11,19.356501
2014/8/12,20.689699
2014/8/13,22.1217
2014/8/14,21.381001
2014/8/15,21.726601
2014/8/18,21.5291
2014/8/19,21.0847
2014/8/20,21.4797
2014/8/21,21.825399
2014/8/22,22.714199
2014/8/25,22.1217
2014/8/26,22.0229
2014/8/27,21.2822
2014/8/28,20.9366
2014/8/29,21.3316
2014/9/1,21.1835
2014/9/2,21.3316
2014/9/3,20.9366
2014/9/4,21.0847
2014/9/5,21.2328
2014/9/9,21.035299
2014/9/10,21.3316
2014/9/11,21.726601
2014/9/12,21.4797
2014/9/15,21.4797
2014/9/16,21.2822
2014/9/17,21.825399
2014/9/18,21.430401
2014/9/19,21.677299
2014/9/22,21.775999
2014/9/23,22.566099
2014/9/24,22.2204
2014/9/25,22.2698
2014/9/26,22.319201
2014/9/29,23.0105
2014/9/30,23.0105
2014/10/1,24.3437
2014/10/2,24.8869
2014/10/3,24.442499
2014/10/6,23.504299
2014/10/7,24.0968
2014/10/8,23.701799
2014/10/9,24.195601
2014/10/13,24.4918
2014/10/14,23.9487
2014/10/15,23.454901
2014/10/16,23.7512
2014/10/17,24.1462
2014/10/20,24.4918
2014/10/21,24.9363
2014/10/22,24.738701
2014/10/23,24.4918
2014/10/24,24.6894
2014/10/27,24.6894
2014/10/28,24.8375
2014/10/29,24.3437
2014/10/30,24.3437
2014/10/31,24.393101
2014/11/3,24.393101
2014/11/4,23.849899
2014/11/5,24.0968
2014/11/6,24.2943
2014/11/7,24.442499
2014/11/10,25.1831
2014/11/11,24.541201
2014/11/12,24.4918
2014/11/13,24.6894
2014/11/14,24.4918
2014/11/17,24.4918
2014/11/18,24.393101
2014/11/19,24.0474
2014/11/20,23.701799
2014/11/21,23.701799
2014/11/24,22.6154
2014/11/25,22.8624
2014/11/26,22.763599
2014/11/27,23.1092
2014/11/28,22.368601
2014/12/1,21.775999
2014/12/2,21.825399
2014/12/3,21.2822
2014/12/4,20.986
2014/12/5,21.1835
2014/12/8,21.1341
2014/12/9,21.2822
2014/12/10,22.0229
2014/12/11,21.9242
2014/12/12,21.726601
2014/12/15,21.430401
2014/12/16,21.430401
2014/12/17,21.627899
2014/12/18,20.5415
2014/12/19,21.2822
2014/12/22,20.788401
2014/12/23,20.442801
2014/12/24,19.8009
2014/12/25,19.850201
2014/12/26,19.6527
2014/12/27,20.442801
2014/12/29,20.1465
2014/12/30,19.899599
2014/12/31,19.554001
2015/1/5,19.702101
2015/1/6,20.3934
2015/1/7,20.3934
2015/1/8,20.5909
2015/1/9,20.640301
2015/1/12,20.5909
2015/1/13,20.3934
2015/1/14,19.850201
2015/1/15,20.1959
2015/1/16,20.097099
2015/1/19,19.9984
2015/1/20,19.751499
2015/1/21,19.850201
2015/1/22,19.702101
2015/1/23,19.1096
2015/1/26,18.665199
2015/1/27,19.0602
2015/1/28,19.356501
2015/1/29,19.9984
2015/1/30,19.554001
2015/2/2,19.356501
2015/2/3,19.4552
2015/2/4,19.6527
2015/2/5,19.4058
2015/2/6,19.6033
2015/2/9,19.702101
2015/2/10,20.344
2015/2/11,20.442801
2015/2/12,20.640301
2015/2/13,20.5909
2015/2/24,20.5909
2015/2/25,20.788401
2015/2/26,21.2328
2015/3/2,21.5291
2015/3/3,20.887199
2015/3/4,20.837799
2015/3/5,20.3934
2015/3/6,20.3934
2015/3/9,20.344
2015/3/10,20.9366
2015/3/11,20.7391
2015/3/12,21.2328
2015/3/13,21.035299
2015/3/16,21.035299
2015/3/17,20.9366
2015/3/18,21.035299
2015/3/19,21.0847
2015/3/20,21.15
2015/3/23,20.75
2015/3/24,20.799999
2015/3/25,21
2015/3/26,20.950001
2015/3/27,20.65
2015/3/30,20.35
2015/3/31,20.6
2015/4/1,20.35
2015/4/2,20.25
2015/4/7,20.1
2015/4/8,20.4
2015/4/9,20.299999
2015/4/10,20.450001
2015/4/13,20.6
2015/4/14,20.5
2015/4/15,20.5
2015/4/16,20.450001
2015/4/17,20.799999
2015/4/20,20.65
2015/4/21,20.549999
2015/4/22,20.35
2015/4/23,20.4
2015/4/24,20.299999
2015/4/27,20.35
2015/4/28,20.15
2015/4/29,20.049999
2015/4/30,19.950001
2015/5/4,20.200001
2015/5/5,20.049999
2015/5/6,20.1
2015/5/7,20.700001
2015/5/8,20.549999
2015/5/11,20.75
2015/5/12,20.700001
2015/5/13,20.549999
2015/5/14,20.700001
2015/5/15,21.700001
2015/5/18,21.85
2015/5/19,21.35
2015/5/20,21.299999
2015/5/21,21.35
2015/5/22,21.200001
2015/5/25,21
2015/5/26,21
2015/5/27,21.1
2015/5/28,21.299999
2015/5/29,21.15
2015/6/1,21.6
2015/6/2,21.700001
2015/6/3,21.299999
2015/6/4,21.4
2015/6/5,20.700001
2015/6/8,20.299999
2015/6/9,20.200001
2015/6/10,20.25
2015/6/11,20.25
2015/6/12,20.4
2015/6/15,20.049999
2015/6/16,20.1
2015/6/17,20.15
2015/6/18,20.200001
2015/6/22,20.35
2015/6/23,20
2015/6/24,20.25
2015/6/25,20
2015/6/26,19.85
2015/6/29,19.75
2015/6/30,19.799999
2015/7/1,20.049999
2015/7/2,20.200001
2015/7/3,20.6
2015/7/6,20.25
2015/7/7,20.5
2015/7/8,20.1
2015/7/9,20
2015/7/13,19.9
2015/7/14,19.9
2015/7/15,19.549999
2015/7/16,19.299999
2015/7/17,18.6
2015/7/20,18.1
2015/7/21,18.65
2015/7/22,18.200001
2015/7/23,18.1
2015/7/24,17.85
2015/7/27,18.35
2015/7/28,18.25
2015/7/29,18.049999
2015/7/30,18.25
2015/7/31,18.299999
2015/8/3,18.4
2015/8/4,18.200001
2015/8/5,18.049999
2015/8/6,18.35
2015/8/7,18
2015/8/10,17.85
2015/8/11,17.799999
2015/8/12,17.35
2015/8/13,17.200001
2015/8/14,16.5
2015/8/17,14.95
2015/8/18,16
2015/8/19,15.5
2015/8/20,15.5
2015/8/21,15.15
2015/8/24,15.2
2015/8/25,15.7
2015/8/26,15.7
2015/8/27,15.6
2015/8/28,15.55
2015/8/31,15.45
2015/9/1,15.45
2015/9/2,15.35
2015/9/3,15.1
2015/9/4,14.95
2015/9/7,15.6
2015/9/8,15.5
2015/9/9,15.2
2015/9/10,15.25
2015/9/11,15.1
2015/9/14,14.3
2015/9/15,13.9
2015/9/16,13.9
2015/9/17,13.95
2015/9/18,13.95
2015/9/21,13.6
2015/9/22,14
2015/9/23,13.8
2015/9/24,13.6
2015/9/25,13.85
2015/9/30,13.55
2015/10/1,13.55
2015/10/2,13.5
2015/10/5,13.05
2015/10/6,13.25
2015/10/7,12.85
2015/10/8,13.25
2015/10/12,13.1
2015/10/13,13.25
2015/10/14,12.9
2015/10/15,13.1
2015/10/16,12.75
2015/10/19,12.9
2015/10/20,13.1
2015/10/21,12.8
2015/10/22,12.7
2015/10/23,12.75
2015/10/26,12.15
2015/10/27,11.65
2015/10/28,11.75
2015/10/29,11.25
2015/10/30,10.95
2015/11/2,10.2
2015/11/3,9.71
2015/11/4,10.65
2015/11/5,11.15
2015/11/6,11.75
2015/11/9,11.95
2015/11/10,12
2015/11/11,12.3
2015/11/12,12.55
2015/11/13,13.15
2015/11/16,13.25
2015/11/17,13.25
2015/11/18,13.15
2015/11/19,13.5
2015/11/20,13.95
2015/11/23,14
2015/11/24,13.85
2015/11/25,13.85
2015/11/26,13.7
2015/11/27,13.6
2015/11/30,13.6
2015/12/1,13.4
2015/12/2,13.5
2015/12/3,13.15
2015/12/4,12.75
2015/12/7,13.3
2015/12/8,13.3
2015/12/9,12.9
2015/12/10,12.95
2015/12/11,13
2015/12/14,13.4
2015/12/15,13.3
2015/12/16,13.45
2015/12/17,13.35
2015/12/18,14.15
2015/12/21,14.2
2015/12/22,14.05
2015/12/23,14.05
2015/12/24,14.1
2015/12/25,14.7
2015/12/28,14.45
2015/12/29,14.15
2015/12/30,14.2
2015/12/31,14.15
2016/1/4,14.35
2016/1/5,14.45
2016/1/6,14.3
2016/1/7,14
2016/1/8,13.8
2016/1/11,14.05
2016/1/12,14.1
2016/1/13,14.15
2016/1/14,14.2
2016/1/15,13.35
2016/1/18,12.7
2016/1/19,12.7
2016/1/20,12.1
2016/1/21,12.25
2016/1/22,12
2016/1/25,11.7
2016/1/26,12
2016/1/27,11.6
2016/1/28,12
2016/1/29,11.95
2016/1/30,12.15
2016/2/1,11.95
2016/2/2,11.75
2016/2/3,12.45
2016/2/15,12.05
2016/2/16,12.1
2016/2/17,12.1
2016/2/18,11.95
2016/2/19,11.9
2016/2/22,11.85
2016/2/23,11.85
2016/2/24,11.65
2016/2/25,11.2
2016/2/26,10.9
2016/3/1,10.6
2016/3/2,10.4
2016/3/3,11.3
2016/3/4,11.25
2016/3/7,11.7
2016/3/8,12.4
2016/3/9,12.25
2016/3/10,12
2016/3/11,12.3
2016/3/14,12.15
2016/3/15,12.3
2016/3/16,12.2
2016/3/17,12.1
2016/3/18,11.9
2016/3/21,12.1
2016/3/22,11.6
2016/3/23,11.4
2016/3/24,11.25
2016/3/25,10.95
2016/3/28,11.05
2016/3/29,10.7
2016/3/30,10.65
2016/3/31,10.6
2016/4/1,10.35
2016/4/6,10.45
2016/4/7,10.8
2016/4/8,10.7
2016/4/11,10.3
2016/4/12,10.35
2016/4/13,10.65
2016/4/14,11.15
2016/4/15,10.9
2016/4/18,11
2016/4/19,11.3
2016/4/20,11.45
2016/4/21,11.45
2016/4/22,11.45
2016/4/25,11.35
2016/4/26,11.1
2016/4/27,11.35
2016/4/28,11.85
2016/4/29,11.7
2016/5/3,11.8
2016/5/4,11.85
2016/5/5,11.85
2016/5/6,11.75
2016/5/9,11.55
2016/5/10,11.8
2016/5/11,11.85
2016/5/12,11.95
2016/5/13,12.05
2016/5/16,12.05
2016/5/17,12.4
2016/5/18,12.3
2016/5/19,12.3
2016/5/20,12.25
2016/5/23,12.35
2016/5/24,12.4
2016/5/25,12.25
2016/5/26,11.85
2016/5/27,12
2016/5/30,12
2016/5/31,11.95
2016/6/1,12
2016/6/2,11.95
2016/6/3,12.05
2016/6/4,12.1
2016/6/6,12.85
2016/6/7,12.55
2016/6/8,12.2
2016/6/13,12.45
2016/6/14,12.35
2016/6/15,12.35
2016/6/16,12.05
2016/6/17,11.95
2016/6/20,11.95
2016/6/21,11.95
2016/6/22,12
2016/6/23,12.25
2016/6/24,12.25
2016/6/27,12.3
2016/6/28,12.3
2016/6/29,12.15
2016/6/30,12
2016/7/1,12.3
2016/7/4,12
2016/7/5,12
2016/7/6,12
2016/7/7,11.95
2016/7/11,11.75
2016/7/12,11.5
2016/7/13,11.2
2016/7/14,10.95
2016/7/15,10.9
2016/7/18,10.8
2016/7/19,10.85
2016/7/20,10.8
2016/7/21,10.5
2016/7/22,10.45
2016/7/25,11
2016/7/26,10.9
2016/7/27,11.4
2016/7/28,11.5
2016/7/29,11.25
2016/8/1,11.3
2016/8/2,11.7
2016/8/3,11.5
2016/8/4,11.65
2016/8/5,11.7
2016/8/8,12.5
2016/8/9,12.8
2016/8/10,12.8
2016/8/11,13.1
2016/8/12,13
2016/8/15,13.85
2016/8/16,13.8
2016/8/17,13.8
2016/8/18,14.5
2016/8/19,15.15
2016/8/22,14.6
2016/8/23,15.75
2016/8/24,15.65
2016/8/25,15.15
2016/8/26,15.15
2016/8/29,15.45
2016/8/30,15.45
2016/8/31,15.5
2016/9/1,15.35
2016/9/2,14.55
2016/9/5,14.95
2016/9/6,14.8
2016/9/7,14.8
2016/9/8,15.1
2016/9/9,14.8
2016/9/10,14.8
2016/9/12,15.75
2016/9/13,15
2016/9/14,15.15
2016/9/19,15.15
2016/9/20,15.25
2016/9/21,15.15
2016/9/22,15.5
2016/9/23,14.95
2016/9/26,15.2
2016/9/29,15.15
2016/9/30,15.25
2016/10/3,15.1
2016/10/4,15.15
2016/10/5,15.7
2016/10/6,15.55
2016/10/7,15.65
2016/10/11,15.5
2016/10/12,15.4
2016/10/13,15.2
2016/10/14,15.35
2016/10/17,15.35
2016/10/18,15.35
2016/10/19,15.25
2016/10/20,15.35
2016/10/21,15.4
2016/10/24,15.45
2016/10/25,15.4
2016/10/26,15.15
2016/10/27,14
2016/10/28,14.2
2016/10/31,14.3
2016/11/1,14.1
2016/11/2,14.2
2016/11/3,14.1
2016/11/4,14.4
2016/11/7,14.3
2016/11/8,14.15
2016/11/9,14.2
2016/11/10,14.3
2016/11/11,14.3
2016/11/14,14.3
2016/11/15,14.3
2016/11/16,14.4
2016/11/17,15.4
2016/11/18,15.3
2016/11/21,15.3
2016/11/22,15.1
2016/11/23,14.9
2016/11/24,15
2016/11/25,15
2016/11/28,14.4
2016/11/29,14.45
2016/11/30,14.35
2016/12/1,14.75
2016/12/2,14.75
2016/12/5,14.85
2016/12/6,14.75
2016/12/7,14.8
2016/12/8,14.8
2016/12/9,14.8
2016/12/12,14.8
2016/12/13,15
2016/12/14,14.6
2016/12/15,14.55
2016/12/16,14.7
2016/12/19,14.55
2016/12/20,14.55
2016/12/21,14.5
2016/12/22,14.45
2016/12/23,14.45
2016/12/26,14.45
2016/12/27,14.45
2016/12/28,14.3
2016/12/29,14.3
2016/12/30,14.3
2017/1/3,14.35
2017/1/4,14.5
2017/1/5,14.45
2017/1/6,14.35
2017/1/9,14.25
2017/1/10,14.4
2017/1/11,14.35
2017/1/12,14.5
2017/1/13,14.45
2017/1/16,14.3
2017/1/17,13.9
2017/1/18,13.85
2017/1/19,13.9
2017/1/20,13.9
2017/1/23,13.15
2017/1/24,13.5
2017/2/2,13.1
2017/2/3,12.8
2017/2/6,12.9
2017/2/7,13.2
2017/2/8,13.2
2017/2/9,13.2
2017/2/10,13.45
2017/2/13,13.55
2017/2/14,13.45
2017/2/15,13.5
2017/2/16,13.6
2017/2/17,13.75
2017/2/18,13.5
2017/2/20,13.5
2017/2/21,13.45
2017/2/22,13.35
2017/2/23,13.2
2017/2/24,13.35
2017/3/1,13.35
2017/3/2,13.55
2017/3/3,13.65
2017/3/6,13.55
2017/3/7,13.55
2017/3/8,13.55
2017/3/9,13.55
2017/3/10,13.5
2017/3/13,13.35
2017/3/14,13.3
2017/3/15,13.2
2017/3/16,13.15
2017/3/17,13
2017/3/20,12.9
2017/3/21,12.9
2017/3/22,12.95
2017/3/23,12.9
2017/3/24,13.1
2017/3/27,13.1
2017/3/28,13.1
2017/3/29,13.35
2017/3/30,13.45
2017/3/31,13.3
2017/4/5,13.3
2017/4/6,13.4
2017/4/7,13.5
2017/4/10,13.45
2017/4/11,13.45
2017/4/12,14.05
2017/4/13,14.05
2017/4/14,14.2
2017/4/17,14.5
2017/4/18,14.65
2017/4/19,14.4
2017/4/20,14.65
2017/4/21,14.65
2017/4/24,14.75
2017/4/25,14.8
2017/4/26,14.55
2017/4/27,14.75
2017/4/28,14.7
2017/5/2,14.7
2017/5/3,15.1
2017/5/4,15
2017/5/5,14.85
2017/5/8,15
2017/5/9,15
2017/5/10,14.55
2017/5/11,14.5
2017/5/12,14.45
2017/5/15,14.55
2017/5/16,14.75
2017/5/17,14.65
2017/5/18,14.5
2017/5/19,14.45
2017/5/22,14.35
2017/5/23,14.55
2017/5/24,14.45
2017/5/25,14.35
2017/5/26,14.15
2017/5/31,14.3
2017/6/1,14.3
2017/6/2,14.35
2017/6/3,14.45
2017/6/5,14.45
2017/6/6,14.45
2017/6/7,14.7
2017/6/8,14.75
2017/6/9,14.8
2017/6/12,14.65
2017/6/13,14.65
2017/6/14,14.5
2017/6/15,14.45
2017/6/16,14.45
2017/6/19,14.4
2017/6/20,14.4
2017/6/21,14.6
2017/6/22,14.6
2017/6/23,14.55
2017/6/26,14.35
2017/6/27,14.25
2017/6/28,14.25
2017/6/29,14.05
2017/6/30,13.9
2017/7/3,14
2017/7/4,13.85
2017/7/5,13.9
2017/7/6,13.9
2017/7/7,13.9
2017/7/10,14.15
2017/7/11,14.45
2017/7/12,14.25
2017/7/13,14.25
2017/7/14,14.5
2017/7/17,14.55
2017/7/18,14.5
2017/7/19,14.55
2017/7/20,14.6
2017/7/21,14.4
2017/7/24,14.55
2017/7/25,14.6
2017/7/26,14.95
2017/7/27,14.95
2017/7/28,14.9
2017/7/31,15.1
2017/8/1,15.6
2017/8/2,15.95
2017/8/3,16.15
2017/8/4,16.15
2017/8/7,16.1
2017/8/8,16.15
2017/8/9,16.799999
2017/8/10,16.5
2017/8/11,16.35
2017/8/14,16.4
2017/8/15,16.4
2017/8/16,16.4
2017/8/17,16.450001
2017/8/18,16.4
2017/8/21,16.4
2017/8/22,16.35
2017/8/23,16.1
2017/8/24,16.049999
2017/8/25,15.7
2017/8/28,15.7
2017/8/29,15.8
2017/8/30,15.85
2017/8/31,15.8
2017/9/1,15.75
2017/9/4,16.200001
2017/9/5,15.9
2017/9/6,16.049999
2017/9/7,15.9
2017/9/8,16.1
2017/9/11,16
2017/9/12,15.95
2017/9/13,16
2017/9/14,15.85
2017/9/15,15.8
2017/9/18,15.8
2017/9/19,15.75
2017/9/20,15.7
2017/9/21,15.8
2017/9/22,15.8
2017/9/25,15.5
2017/9/26,15.35
2017/9/27,15.3
2017/9/28,15.25
2017/9/29,15.05
2017/9/30,15.1
2017/10/2,15.1
2017/10/3,14.95
2017/10/5,14.95
2017/10/6,14.8
2017/10/11,15.05
2017/10/12,14.85
2017/10/13,14.85
2017/10/16,14.95
2017/10/17,14.9
2017/10/18,14.85
2017/10/19,14.85
2017/10/20,14.9
2017/10/23,14.95
2017/10/24,14.55
2017/10/25,14.2
2017/10/26,14.65
2017/10/27,14.8
2017/10/30,14.95
2017/10/31,14.85
2017/11/1,14.9
2017/11/2,14.7
2017/11/3,14.8
2017/11/6,15.1
2017/11/7,14.95
2017/11/8,15
2017/11/9,14.95
2017/11/10,14.95
2017/11/13,14.7
2017/11/14,14.95
2017/11/15,15.2
2017/11/16,15.9
2017/11/17,15.75
2017/11/20,16
2017/11/21,15.8
2017/11/22,16.049999
2017/11/23,16.15
2017/11/24,16.049999
2017/11/27,15.9
2017/11/28,15.95
2017/11/29,16.450001
2017/11/30,16.299999
2017/12/1,16.15
2017/12/4,16.1
2017/12/5,15.95
2017/12/6,15.85
2017/12/7,15.5
2017/12/8,15.2
2017/12/11,15.05
2017/12/12,15.05
2017/12/13,14.95
2017/12/14,15.15
2017/12/15,15.3
2017/12/18,15.3
2017/12/19,15.4
2017/12/20,15.3
2017/12/21,15.25
2017/12/22,15.8
2017/12/25,15.75
2017/12/26,16.1
2017/12/27,16
2017/12/28,15.8
2017/12/29,15.6
2018/1/2,15.85
2018/1/3,15.7
2018/1/4,15.75
2018/1/5,16
2018/1/8,15.95
2018/1/9,15.75
2018/1/10,15.75
2018/1/11,15.6
2018/1/12,15.65
2018/1/15,15.55
2018/1/16,15.7
2018/1/17,15.9
2018/1/18,15.8
2018/1/19,16.1
2018/1/22,15.9
2018/1/23,17.450001
2018/1/24,19.15
2018/1/25,19.5
2018/1/26,19.5
2018/1/29,21.25
2018/1/30,21
2018/1/31,21.25
2018/2/1,21.200001
2018/2/2,21.200001
2018/2/5,21.35
2018/2/6,21.200001
2018/2/7,20.549999
2018/2/8,20.65
2018/2/9,20.549999
2018/2/12,20.5
2018/2/21,20.35
2018/2/22,20.6
2018/2/23,20.15
2018/2/26,20.35
2018/2/27,19.75
2018/3/1,20
2018/3/2,20.700001
2018/3/5,20.6
2018/3/6,20.450001
2018/3/7,20.6
2018/3/8,20.4
2018/3/9,20.299999
2018/3/12,20.299999
2018/3/13,20.549999
2018/3/14,20.6
2018/3/15,22.65
2018/3/16,24.5
2018/3/19,24.049999
2018/3/20,23.75
2018/3/21,24.299999
2018/3/22,24.15
2018/3/23,23.85
2018/3/26,24.1
2018/3/27,24.200001
2018/3/28,24.299999
2018/3/29,25.65
2018/3/30,25.25
2018/3/31,25.1
2018/4/2,25.700001
2018/4/3,26
2018/4/9,25.85
2018/4/10,26.15
2018/4/11,27.200001
2018/4/12,27.200001
2018/4/13,29.299999
2018/4/16,32.200001
2018/4/17,29.799999
2018/4/18,30.15
2018/4/19,27.950001
2018/4/20,27.6
2018/4/23,27.950001
2018/4/24,27.299999
2018/4/25,27.65
2018/4/26,27.35
2018/4/27,26.049999
2018/4/30,26.5
2018/5/2,24.700001
2018/5/3,24.700001
2018/5/4,24.5
2018/5/7,24.65
2018/5/8,24.1
2018/5/9,24.4
2018/5/10,24.85
2018/5/11,24.799999
2018/5/14,24.450001
2018/5/15,24.6
2018/5/16,24.6
2018/5/17,24.85
2018/5/18,24.4
2018/5/21,25
2018/5/22,27.049999
2018/5/23,25.799999
2018/5/24,26.1
2018/5/25,25.700001
2018/5/28,26
2018/5/29,26.200001
2018/5/30,26.700001
2018/5/31,26.75
2018/6/1,26.85
2018/6/4,26.450001
2018/6/5,26.85
2018/6/6,26.1
2018/6/7,24.85
2018/6/8,24.6
2018/6/11,24.85
2018/6/12,24.299999
2018/6/13,24.200001
2018/6/14,24.85
2018/6/15,24.299999
2018/6/19,23.700001
2018/6/20,23
2018/6/21,22.549999
2018/6/22,23.25
2018/6/25,23.049999
2018/6/26,22.9
2018/6/27,22.450001
2018/6/28,21.9
2018/6/29,22
2018/7/2,23.65
2018/7/3,24
2018/7/4,23.200001
2018/7/5,22.75
2018/7/6,23
2018/7/9,22.35
2018/7/10,22.5
2018/7/11,22.799999
2018/7/12,22.799999
2018/7/13,22
2018/7/16,22.049999
2018/7/17,21.700001
2018/7/18,21.549999
2018/7/19,23.700001
2018/7/20,23.700001
2018/7/23,23.200001
2018/7/24,23.65
2018/7/25,23.700001
2018/7/26,23.9
2018/7/27,23.9
2018/7/30,24.1
2018/7/31,24.9
2018/8/1,24.9
2018/8/2,25.200001
2018/8/3,25.049999
2018/8/6,25
2018/8/7,24.549999
2018/8/8,24.5
2018/8/9,23.9
2018/8/10,24.549999
2018/8/13,24.5
2018/8/14,24.85
2018/8/15,25.1
2018/8/16,27.299999
2018/8/17,27.549999
2018/8/20,26.799999
2018/8/21,27.299999
